220,509418688322;785,86796598777;87776395,509;210221134381
57,4252078407686;803,030824031945;87776406,612;210221134381
57,4252078407686;803,030824031945;87776417,715;210221134381
-291,016909950658;824,658743039591;87776428,819;210221134382
-88,1660862972865;969,578517957892;87776439,922;210221134385
-88,1660862972865;969,578517957892;87776462,128;210221134386
839,08402292352;1959,23706865218;87776639,778;210221134403
743,128324809827;1974,89548036145;87776650,881;210221134404
949,411853991057;1957,81815484554;87776661,984;210221134406
882,623291015625;1946,89117083332;87776673,087;210221134407
904,507145128752;1942,37547096858;87776684,19;210221134408
876,942885549445;1943,04292780192;87776695,294;210221134409
909,542324668483;1940,66730929152;87776706,397;210221134410
922,132873535156;1948,66845978998;87776717,5;210221134411
908,910169099506;1945,10653691416;87776728,603;210221134412
919,747483102899;1947,02257150211;87776739,706;210221134413
928,916549682617;1946,93813784943;87776750,809;210221134416
950,784201371042;1960,57178247219;87776773,015;210221134417
969,209450169613;1949,35284318948;87776784,119;210221134418
956,507933767218;1893,08206593759;87776795,222;210221134419
881,767232794511;1740,44728728671;87776806,325;210221134420
785,633609169408;1623,83261889329;87776817,428;210221134421
473,070485968339;1211,13985665554;87776828,531;210221134424
430,278617457339;1129,99771856755;87776850,737;210221134424
426,533990157278;1134,14154729022;87776861,84;210221134427
415,895682887027;1119,10407887079;87776884,047;210221134428
425,782133403577;1107,6994269233;87776895,15;210221134429
416,36280260588;1109,44847785109;87776906,253;210221134430
408,362177798622;1091,98383938424;87776917,356;210221134431
400,066857588918;1100,84308405831;87776928,459;210221134432
392,205248380962;1099,71334753614;87776939,562;210221134433
379,455486096834;1104,10050529893;87776950,665;210221134434
378,706881874486;1079,87864567787;87776961,769;210221134436
375,948534513774;1077,44712904333;87776972,872;210221134437
359,517428749486;1075,82377709241;87776983,975;210221134438
343,092346191406;1063,59608169807;87776995,078;210221134439
338,327508223684;1057,36522831953;87777006,181;210221134440
329,132321006373;1035,81442355125;87777017,284;210221134441
331,231488679584;1039,31775022443;87777028,387;210221134442
346,031992059005;1061,3401731464;87777039,49;210221134443
336,469509727076;1073,33976812723;87777050,594;210221134444
361,939801667866;1077,44606558086;87777061,697;210221134446
363,622203626131;1075,11604468504;87777072,8;210221134447
365,824207506681;1064,33212740517;87777083,903;210221134448
350,258756938733;1073,37858249431;87777095,006;210221134449
354,025067781147;1067,68908191776;87777106,109;210221134450
349,733894749691;1078,17454649955;87777117,212;210221134451
365,883917557566;1074,91723505939;87777128,315;210221134452
368,368409809313;1074,4170328154;87777139,419;210221134453
380,475214907997;1077,9659425041;87777150,522;210221134454
440,77417474044;1087,12223667746;87777161,625;210221134456
673,332374974301;1091,102385756;87777172,728;210221134457
751,035027754934;1080,5184135277;87777183,831;210221134458
855,288776598479;1077,00716894251;87777194,934;210221134459
1035,31259235583;1101,28545592015;87777206,037;210221134460
1047,35462791041;1107,39480944469;87777217,14;210221134461
1024,79517083419;1098,10203378979;87777228,244;210221134462
1034,87478557386;1106,23328793667;87777239,347;210221134463
1040,99217465049;1109,91845954063;87777250,45;210221134464
1035,45496087325;1133,99032431335;87777261,553;210221134467
1049,14574874075;1141,3642251471;87777283,759;210221134468
1039,33711804842;1140,43011108873;87777294,862;210221134469
1038,77940930818;1147,56754759753;87777305,965;210221134470
1041,3511778179;1150,57529994723;87777317,069;210221134471
1039,602841829;1146,55475840576;87777328,172;210221134472
1043,42322098581;1154,49761507162;87777339,275;210221134473
1046,36320816843;1159,21486981701;87777350,378;210221134474
1086,1305839137;1170,00800184065;87777361,481;210221134475
1087,33189231471;1175,63759633442;87777372,584;210221134477
1081,60181547466;1165,38078102988;87777383,687;210221134478
1041,43299303557;1164,63038842937;87777394,79;210221134479
1042,6194843493;1166,75676605042;87777405,894;210221134480
1052,16044375771;1180,03439417053;87777416,997;210221134482
1051,60175122713;1196,87443164706;87777439,203;210221134483
1057,65766344572;1197,22601820748;87777450,306;210221134484
1057,24830627441;1190,70176208605;87777461,409;210221134486
1059,95389034874;1193,90088280717;87777472,512;210221134486
1055,79649272718;1192,78040219528;87777483,615;210221134488
1059,66664364463;1195,75658916005;87777494,719;210221134490
1025,56190490723;1207,06181066525;87777516,925;210221134491
1077,89421081543;1196,97120683197;87777528,028;210221134493
1093,27172731098;1232,70597585153;87777550,234;210221134494
1035,65856532047;1236,05508115536;87777561,337;210221134495
1039,7590637207;1241,43030683961;87777572,44;210221134497
996,855846204256;1232,48983477763;87777583,544;210221134498
1055,57706732499;1225,87751391662;87777594,647;210221134499
1065,6598542866;1228,62056767983;87777605,75;210221134500
1115,03448486328;1244,77597808645;87777616,853;210221134501
1050,0139336837;1248,09090041176;87777627,956;210221134502
1050,8288534064;1255,22184270399;87777639,059;210221134503
1050,19436886436;1257,80475041487;87777650,162;210221134504
1051,26910962557;1263,99550292952;87777661,265;210221134505
1046,6868952701;1260,01964217372;87777672,369;210221134507
1046,2342513235;1258,92758102071;87777683,472;210221134509
1046,02673179225;1255,68875043094;87777705,678;210221134510
1050,36651209781;1253,90629189081;87777716,781;210221134511
1036,29567999589;1250,3553649737;87777727,884;210221134514
1035,00265824167;1261,09280380577;87777750,09;210221134514
1045,61924181486;1276,67442108984;87777761,194;210221134515
1042,85543341386;1276,55549776684;87777772,297;210221134517
1039,25012287341;1270,17121891639;87777783,4;210221134518
1046,353089182;1264,19752014437;87777794,503;210221134519
1049,31273209421;1266,9416340059;87777805,606;210221134520
1014,01507728978;1256,9935359066;87777816,709;210221134521
868,827900133635;1213,9229496195;87777827,812;210221134522
572,031723825555;1150,64325073641;87777838,915;210221134523
500,065130936472;1131,32333481825;87777850,019;210221134526
497,556706478721;1127,92820740099;87777872,225;210221134526
488,713635896381;1139,82882130309;87777883,328;210221134528
483,032065943668;1160,61908563103;87777894,431;210221134529
476,377627724095;1176,64280717729;87777905,534;210221134530
471,170043945312;1175,72998026297;87777916,637;210221134531
474,882708097759;1182,99899586631;87777927,74;210221134532
480,472002531353;1176,4558951588;87777938,844;210221134533
500,352718955592;1179,64991116307;87777949,947;210221134534
571,564323023746;1170,54925867983;87777961,05;210221134535
584,472816868832;1166,18052357234;87777972,153;210221134538
533,532955771998;1188,84977462625;87777994,359;210221134539
542,573748136821;1215,02672984133;87778005,462;210221134540
517,082736366673;1211,76521241145;87778016,565;210221134541
521,502605237459;1203,5932433364;87778027,669;210221134542
460,811374061986;1234,42607219042;87778038,772;210221134543
332,656338340357;1204,77474159621;87778049,875;210221134544
564,580857126336;1174,56848972511;87778072,081;210221134546
564,580857126336;1174,56848972511;87778083,184;210221134549
608,073866994757;1186,15883565499;87778105,39;210221134550
648,710913407175;1196,00060082909;87778116,494;210221134551
648,710913407175;1196,00060082909;87778127,597;210221134553
617,606233295641;1219,3257026945;87778149,803;210221134554
617,606233295641;1219,3257026945;87778160,906;210221134555
674,796054237767;1248,30555938727;87778205,319;210221134560
674,796054237767;1248,30555938727;87778216,422;210221134561
592,195249858655;1258,02629813958;87778227,525;210221134562
757,139487015573;1298,16052725808;87778238,628;210221134563
899,528744346217;1310,83202847534;87778249,731;210221134564
1005,97945765445;1324,12402759216;87778260,834;210221134565
1269,8823276319;1387,12772398779;87778271,937;210221134566
470,897152549342;1378,71766432001;87778283,04;210221134569
1259,62106805099;1362,70820057121;87778305,247;210221134570
1259,62106805099;1362,70820057121;87778316,35;210221134571
1259,62106805099;1362,70820057121;87778327,453;210221134572
78,9907355057563;91,4862526010791;87785298,756;210221135269
78,9907355057563;91,4862526010791;87785309,859;210221135270
297,971705386513;261,781758197535;87785320,962;210221135271
218,039422286184;220,467941784531;87785332,065;210221135272
200,846862792968;219,003192159039;87785343,169;210221135274
568,859782971834;286,153784269148;87785354,272;210221135275
956,623880486739;467,207762149008;87785365,375;210221135276
999,844119423314;493,013044389993;87785376,478;210221135277
946,11258255808;559,771053574213;87785387,581;210221135278
990,621466385691;621,010576643906;87785398,684;210221135279
1012,09347373561;642,488061635996;87785409,787;210221135281
1001,08184814453;681,156237465032;87785420,89;210221135281
1018,5556913677;729,10037546359;87785431,994;210221135282
1025,80638684724;730,103895011371;87785443,097;210221135284
1020,60759694953;738,666834547521;87785454,2;210221135285
1034,41087823165;761,844912489636;87785465,303;210221135286
1040,44221576891;764,818941559315;87785476,406;210221135287
1005,0332721911;835,925222071868;87785487,509;210221135288
849,064234683388;1118,1082302013;87785498,612;210221135289
821,541314376028;1207,27790710456;87785509,715;210221135292
721,334357010691;1391,371295387;87785531,922;210221135292
702,294841565584;1396,85160523271;87785543,025;210221135294
700,905649285567;1414,02249095471;87785554,128;210221135295
707,872892680921;1421,0818733305;87785565,231;210221135296
708,423092490748;1420,01250935254;87785576,334;210221135297
703,043967799136;1418,89518489769;87785587,437;210221135298
707,046187551398;1428,86018585548;87785598,54;210221135299
712,868861148232;1422,87869603513;87785609,644;210221135300
709,705111854955;1421,55482941318;87785620,747;210221135301
711,365950734992;1423,34057107797;87785631,85;210221135303
714,942048725329;1431,87787677902;87785642,953;210221135304
728,86982967979;1429,03243184481;87785654,056;210221135305
731,640263607627;1425,30364981915;87785665,159;210221135306
741,243663587068;1428,95960946556;87785676,262;210221135307
730,16253019634;1437,50215722065;87785687,365;210221135308
734,080706144634;1443,77718536972;87785698,469;210221135309
731,116204512747;1439,19829381774;87785709,572;210221135310
787,952382940995;1392,84157523212;87785720,675;210221135311
949,562373914217;1244,47720288848;87785731,778;210221135312
1035,53221853156;1160,34216374658;87785742,881;210221135315
1123,81997359426;1073,57618781758;87785765,087;210221135316
1127,58634466874;1084,74160691421;87785776,19;210221135317
1129,25152025725;1092,77878240402;87785787,294;210221135318
1137,11875112433;1097,81505999367;87785798,397;210221135319
1149,07897146125;1096,24279384511;87785809,5;210221135320
1154,72776513351;1094,92026862022;87785820,603;210221135321
1165,16605176424;1092,19111235221;87785831,706;210221135322
1169,57898390921;1092,87193139845;87785842,809;210221135324
1176,57812018143;1084,48641127173;87785853,912;210221135325
1186,5783791793;1070,06138217316;87785865,015;210221135326
1185,38976970472;1066,29525411044;87785876,119;210221135327
1184,87416317588;1061,1657657939;87785887,222;210221135328
1187,53016622443;1059,49704356154;87785898,325;210221135329
1191,02178874769;1046,89338687036;87785909,428;210221135331
1187,99344112999;1043,47398414756;87785920,531;210221135331
1186,3342385543;1030,10166667026;87785931,634;210221135332
1188,63196122019;1030,8928736991;87785942,737;210221135335
1200,8195073981;1021,59693498565;87785964,944;210221135336
1202,43463014302;1020,15962022153;87785976,047;210221135337
1195,19692471153;1006,16627991101;87785987,15;210221135338
1272,65092950118;969,489784115238;87785998,253;210221135339
1349,20561941046;953,226685687291;87786009,356;210221135340
1435,62061159234;941,485916007497;87786020,459;210221135343
1492,58871141233;925,868788046933;87786042,665;210221135344
1492,51171287737;925,570002548681;87786053,769;210221135345
1493,60720797589;931,781387011242;87786064,872;210221135346
1494,70887937044;935,488418726289;87786075,975;210221135347
1495,66397290481;940,076307172463;87786087,078;210221135348
1494,62255427712;943,764405136187;87786098,181;210221135351
1500,07105250108;937,660290197618;87786120,387;210221135351
1498,62387556779;933,705339255037;87786131,49;210221135354
1498,95039483121;928,627811537915;87786153,697;210221135355
1522,04156737579;932,644963587698;87786164,8;210221135356
1587,73891549361;936,739933037058;87786175,903;210221135358
1953,32940754138;933,521195797118;87786198,109;210221135359
1986,0675209447;927,766890357421;87786209,212;210221135360
1989,87709848504;922,071664132895;87786220,315;210221135362
1989,70160233347;917,830319228089;87786231,419;210221135362
1994,67367874949;922,659581218427;87786242,522;210221135364
1993,79439102976;928,398091931336;87786253,625;210221135365
1990,02424541273;928,617186867078;87786264,728;210221135366
1986,15839104903;930,97049156942;87786275,831;210221135367
1988,65978843287;924,507345556001;87786286,934;210221135368
1991,6072845459;924,814007765101;87786298,037;210221135369
1992,89155257376;923,184062132089;87786309,14;210221135370
1989,42031860352;923,391228698376;87786320,244;210221135371
1989,22524703176;925,54486971717;87786331,347;210221135372
1989,7744831286;922,571266011693;87786342,45;210221135374
1987,69555342825;929,605405720867;87786353,553;210221135375
1985,39749948602;931,154219963428;87786364,656;210221135376
1986,62571154143;933,521171797754;87786375,759;210221135377
1991,41379908511;925,386576157914;87786386,862;210221135378
1993,52344713713;919,133276071464;87786397,965;210221135379
1991,79701554148;916,364416940244;87786409,069;210221135380
1989,34143467953;923,54835929499;87786420,172;210221135381
1989,21034963507;924,979118006168;87786431,275;210221135382
1992,15439244321;926,561507995197;87786442,378;210221135385
1994,85967535722;913,766424633573;87786464,584;210221135386
1993,0128599468;910,477578674714;87786475,687;210221135387
1993,34879423443;916,128745079332;87786486,79;210221135388
1993,40364556564;919,03779768367;87786497,894;210221135389
1993,1391264263;921,070573478646;87786508,997;210221135390
1995,70517289011;921,365372484169;87786520,1;210221135391
1996,06532046669;923,937871622426;87786531,203;210221135393
1999,43130894711;924,241909405721;87786542,306;210221135394
1998,98653532329;919,617752222609;87786553,409;210221135395
2001,13382841411;917,363552063889;87786564,512;210221135396
2000,8948476691;924,113634071056;87786575,615;210221135397
2013,1096087004;936,043977997514;87786586,719;210221135398
2027,44220934416;946,308457348124;87786597,822;210221135401
2029,80107759175;941,044477311015;87786620,028;210221135401
2030,41114807129;939,814140482405;87786631,131;210221135402
2026,30659404554;939,652049199767;87786642,234;210221135404
2020,92985855906;937,254166680001;87786653,337;210221135405
2024,61997584293;937,13887974383;87786664,44;210221135406
2034,8443683825;947,51338001185;87786675,544;210221135408
2032,9236080772;950,642066115378;87786697,75;210221135409
2034,1321242483;947,454846261632;87786708,853;210221135410
2037,21172935084;952,733550592268;87786719,956;210221135413
2035,44917859529;949,714813304125;87786742,162;210221135414
2036,8595123291;947,912343816481;87786753,265;210221135415
2035,27659366005;945,978205999769;87786764,369;210221135416
2030,03949617085;936,562904726827;87786775,472;210221135417
2029,3671055844;936,624769600425;87786786,575;210221135418
2026,99870059365;939,866663713916;87786797,678;210221135421
2021,87088414242;945,812354761476;87786819,884;210221135421
2023,09706838507;952,624301676886;87786830,987;210221135424
2019,09444708573;949,307348389452;87786853,194;210221135425
2018,88118543123;944,615946941511;87786864,297;210221135426
2025,33440840872;954,602701608706;87786875,4;210221135427
2023,40067813271;953,446260922109;87786886,503;210221135428
2024,47375247353;957,93379262749;87786897,606;210221135429
2024,30857608193;952,265987565254;87786908,709;210221135430
2028,02182247764;956,455714901826;87786919,812;210221135432
2029,63521857011;947,412748735254;87786930,915;210221135432
2026,0572734632;944,781650680902;87786942,019;210221135434
2027,76509335167;945,719195432107;87786953,122;210221135435
2029,23441435161;949,335150246712;87786964,225;210221135436
2031,85980947394;963,735811406428;87786975,328;210221135437
2031,70955055638;963,593254274942;87786986,431;210221135440
2024,31969893606;954,174988978448;87787008,637;210221135440
2022,76912488435;959,310120679213;87787019,74;210221135441
2021,94840280633;949,339805703932;87787030,844;210221135443
2025,30336881939;950,293711212811;87787041,947;210221135444
2026,78226671721;944,387136466284;87787053,05;210221135445
2028,01130194413;952,572039108881;87787064,153;210221135447
1982,11914865594;969,136801326822;87787086,359;210221135448
1791,42589569092;1068,81716147913;87787097,462;210221135449
1662,6973854868;1123,59952158668;87787108,565;210221135450
1506,04975976442;1187,54622078183;87787119,669;210221135451
1404,925494445;1197,33231686767;87787130,772;210221135452
1403,827996003;1202,92058236902;87787141,875;210221135454
1400,97025570117;1203,64472360209;87787152,978;210221135455
1392,03773799695;1212,14980185523;87787164,081;210221135456
1391,53855976305;1207,12502720155;87787175,184;210221135458
1385,12498955978;1205,76555387101;87787197,39;210221135459
1382,3761488262;1205,22427989932;87787208,494;210221135460
1383,74607186568;1212,93897445387;87787219,597;210221135463
1381,99077405428;1217,37909451145;87787241,803;210221135463
1382,68625359786;1214,51545682316;87787252,906;210221135465
1380,13561148393;1216,03209504996;87787264,009;210221135466
1381,37060466566;1217,89818594146;87787275,112;210221135467
1377,9732101842;1216,57034662979;87787286,215;210221135468
1329,32443618774;1235,40850342128;87787297,319;210221135469
1268,62230802837;1254,44059481492;87787308,422;210221135470
1202,51504998458;1270,18263261783;87787319,525;210221135471
1139,48476690995;1279,36927434787;87787330,628;210221135472
1150,07793024967;1276,46526823066;87787341,731;210221135474
1129,02042991237;1286,46698056067;87787352,834;210221135475
1128,87363433838;1293,01057869976;87787363,937;210221135476
1131,59868340743;1298,90071722245;87787375,04;210221135477
1147,00239081132;1299,43164435395;87787386,144;210221135478
1145,00531648335;1296,99818255839;87787397,247;210221135479
1133,94132915296;1296,91594307088;87787408,35;210221135482
1138,31756993344;1295,32929559068;87787430,556;210221135482
1211,21822156404;1262,8126530763;87787441,659;210221135483
1400,23359248513;1162,30407265826;87787452,762;210221135486
1804,92971319901;959,200758529938;87787474,969;210221135487
1850,13668662623;945,907493482235;87787486,072;210221135488
1834,33653178968;943,134222494086;87787497,175;210221135489
1841,2054764597;946,874010024135;87787508,278;210221135490
1841,73942365144;944,352356521371;87787519,381;210221135491
1845,3478762978;948,751548951366;87787530,484;210221135494
1841,79071125231;952,750172048093;87787552,69;210221135495
1838,57586509303;953,946442565512;87787563,794;210221135496
1843,58238420988;959,766324835734;87787574,897;210221135497
1844,34819472464;957,607568765155;87787586;210221135498
1847,96683662816;953,936315326256;87787597,103;210221135499
1847,76726772911;955,457461372807;87787608,206;210221135500
1846,39552266974;968,249951244136;87787619,309;210221135502
1846,15484538831;965,383133330144;87787630,412;210221135502
1845,47015742252;958,315280675888;87787641,515;210221135503
1850,28088218287;948,200254072813;87787652,619;210221135506
1850,20460831492;951,765263821038;87787674,825;210221135507
1842,53227836207;952,706489628302;87787685,928;210221135508
1843,68336326198;956,551766152723;87787697,031;210221135509
1841,55976144891;953,35945521191;87787708,134;210221135510
1841,15943908691;953,639893590305;87787719,237;210221135511
1841,18615200645;949,896270603791;87787730,34;210221135514
1848,26894057424;949,708751353261;87787752,547;210221135515
1844,06181134676;947,917894567401;87787763,65;210221135516
1845,17773076108;948,494157715347;87787774,753;210221135517
1840,83090330425;949,315303999896;87787785,856;210221135518
1842,71955992046;956,26676852243;87787796,959;210221135519
1837,88232301411;955,033700866336;87787808,062;210221135520
1842,99506137246;947,406282020768;87787819,165;210221135522
1843,3739611977;945,358936228738;87787830,269;210221135522
1844,72678335089;943,0334746541;87787841,372;210221135523
1845,35213269685;945,438733088993;87787852,475;210221135525
1845,48923090885;945,822423632426;87787863,578;210221135526
1842,69328870271;949,884153499633;87787874,681;210221135527
1838,67740631104;954,442171289406;87787885,784;210221135528
1842,55065917969;952,342792899875;87787896,887;210221135529
1843,33728991057;949,65664325495;87787907,99;210221135530
1845,03201936421;947,19633319484;87787919,094;210221135531
1843,96876284951;947,369495147738;87787930,197;210221135532
1848,70013186806;951,585590484422;87787941,3;210221135533
1854,76723721153;956,183283704611;87787952,403;210221135535
1851,71302996184;958,40168158782;87787963,506;210221135536
1850,80880616841;953,635183302141;87787974,609;210221135537
1844,23351287842;951,797463836153;87787985,712;210221135538
1844,8040410092;945,941690159823;87787996,815;210221135539
1848,22718971654;955,088224159105;87788007,919;210221135540
1850,70828889546;949,924395064869;87788019,022;210221135541
1850,1274410047;952,16207663208;87788030,125;210221135542
1843,12360663163;947,857974889474;87788041,228;210221135543
1841,40523609362;958,265385372902;87788052,331;210221135545
1841,8847033852;961,461672436865;87788063,434;210221135546
1846,88454678184;962,162269165267;87788074,537;210221135547
1846,57015549509;959,778212107965;87788085,64;210221135549
1845,29896786338;959,038554013407;87788107,847;210221135550
1848,01480142694;952,272279313401;87788118,95;210221135551
1848,45648313824;956,49407980141;87788130,053;210221135552
1846,4215730366;962,911608499657;87788141,156;210221135554
1840,15638451827;965,463091526953;87788152,259;210221135555
1840,63941554019;967,249474688791;87788163,362;210221135556
1845,97890753495;965,724102051939;87788174,465;210221135557
1850,45204162598;963,063757705735;87788185,569;210221135558
1851,31865049663;966,906080506893;87788196,672;210221135559
1851,45778656006;967,809051180392;87788207,775;210221135562
1849,00023811742;962,182225212546;87788229,981;210221135562
1841,43680773283;953,543492372085;87788241,084;210221135563
1842,33120366147;959,458262965205;87788252,187;210221135565
1844,83385587993;960,644152342789;87788263,29;210221135566
1844,27801433362;963,725838602222;87788274,394;210221135567
1783,95033384624;937,894171263266;87788285,497;210221135568
1586,10925172505;866,87742038689;87788296,6;210221135569
1183,83210834704;649,755691311626;87788307,703;210221135570
1021,79296393143;553,836354331963;87788318,806;210221135571
1776,35706851357;1326,97896523935;87792641,86;210221140003
1661,61961806448;1331,40419290393;87792652,963;210221140004
1661,61961806448;1331,40419290393;87792664,066;210221140007
1677,1990123548;1339,99718496432;87792686,273;210221140008
1677,1990123548;1339,99718496432;87792697,376;210221140009
1669,83329371402;1349,54620262632;87792708,479;210221140010
1672,0284712942;1358,41077845038;87792719,582;210221140011
1672,0284712942;1358,41077845038;87792730,685;210221140012
1672,63795953048;1355,60859053713;87792741,788;210221140013
1683,96429764597;1362,89311949923;87792752,891;210221140015
1683,96429764597;1362,89311949923;87792763,995;210221140015
1681,50046499152;1361,93050697846;87792775,098;210221140017
1666,22311441522;1378,57606782132;87792786,201;210221140019
1656,92971882067;1391,63498183924;87792808,407;210221140020
1666,59842039409;1403,37879797954;87792819,51;210221140021
1666,59842039409;1403,37879797954;87792830,613;210221140022
1665,12918974224;1402,03128052054;87792841,716;210221140023
1659,34098896227;1372,44973267728;87792852,82;210221140024
1659,34098896227;1372,44973267728;87792863,923;210221140026
1610,21766662598;1347,78033810922;87792875,026;210221140027
1365,78136243318;931,196622787898;87793143,861;210221140054
1222,18656037983;898,122256274978;87793154,964;210221140055
1146,12045288086;889,10825510153;87793166,067;210221140057
1097,3721052471;862,988427073737;87793188,273;210221140058
1290,22307144968;865,498841806759;87793199,377;210221140059
1339,8323310049;1780,41743624595;87793492,757;210221140089
1343,78148129112;1777,99703834968;87793503,86;210221140090
1350,72402452168;1808,96615096378;87793514,963;210221140091
1352,63297934281;1807,07386747635;87793526,066;210221140093
1355,14591116654;1808,30871221131;87793537,169;210221140093
1359,82046629253;1783,826058558;87793548,272;210221140094
1389,48038251776;1793,67408940428;87793559,375;210221140095
1396,88726977298;1802,80912127399;87793570,478;210221140096
1346,3559702823;1825,54272530437;87793581,582;210221140097
1651,7113434641;1526,800764724;87794255,788;210221140166
1651,7113434641;1526,800764724;87794277,995;210221140167
1853,59115600586;1811,61123622035;87794322,407;210221140172
1818,78892998946;1797,85975320382;87794333,51;210221140173
1797,40794332404;1804,38803264074;87794344,613;210221140174
1797,28502976267;1778,23717258936;87794355,717;210221140175
1763,24267136423;1786,13617871864;87794366,82;210221140176
1767,78765226665;1790,31381217867;87794377,923;210221140177
1781,57872651753;1797,315713212;87794389,026;210221140179
1777,13440342953;1798,44062279601;87794400,129;210221140179
1747,4182229293;1788,97772387153;87794411,232;210221140180
1734,42469145122;1807,97859208771;87794422,335;210221140182
1734,0096624274;1807,71136601785;87794433,438;210221140183
1746,50369945325;1814,91723708298;87794444,542;210221140184
1751,95084622032;1805,43450598798;87794455,645;210221140185
1780,45000779001;1834,0761853093;87794466,748;210221140187
1846,99620698628;1838,59392301168;87794477,851;210221140187
2024,83125987806;1817,51416333479;87794488,954;210221140188
2234,95852821752;1828,9037143777;87794500,057;210221140190
2234,95852821752;1828,9037143777;87794511,16;210221140190
2429,48833264803;1692,11421419356;87794588,882;210221140198
2252,9999582391;1691,04399945255;87794599,985;210221140199
2252,9999582391;1691,04399945255;87794611,088;210221140201
2340,73588722631;1756,97606552586;87794622,192;210221140202
2589,46244089227;1823,88435001612;87794633,295;210221140203
2589,46244089227;1823,88435001612;87794644,398;210221140204
2645,92927631579;1785,63707682917;87794655,501;210221140205
2645,92927631579;1785,63707682917;87794666,604;210221140206
2645,92927631579;1785,63707682917;87794677,707;210221140207
2640,53063643606;1752,92865245758;87794688,81;210221140208
2366,65830110249;1721,38921472635;87794699,913;210221140209
2366,65830110249;1721,38921472635;87794711,017;210221140210
2092,78596576891;1689,84977699512;87794722,12;210221140212
2123,89024433337;1675,64445689655;87794733,223;210221140213
2123,89024433337;1675,64445689655;87794744,326;210221140214
2123,89024433337;1675,64445689655;87794755,429;210221140215
2159,65009990491;1653,60204702643;87794766,532;210221140216
2159,65009990491;1653,60204702643;87794777,635;210221140217
2450,14509903757;1694,00936435892;87794788,738;210221140218
2740,64009817023;1734,41668169141;87794799,842;210221140219
2740,64009817023;1734,41668169141;87794810,945;210221140220
2272,96736867804;1689,72695378688;87794833,151;210221140223
2182,87363554302;1702,49391189836;87794844,254;210221140224
2182,87363554302;1702,49391189836;87794855,357;210221140225
2109,57003141704;1788,58271215604;87794866,46;210221140226
2140,93993337531;1808,13467199329;87794877,563;210221140228
2091,55120849609;1815,49771650362;87794899,77;210221140229
2087,38178453947;1824,09163050144;87794910,873;210221140231
2127,27404142681;1825,47827971191;87794921,976;210221140232
2103,38684885125;1832,23011909037;87794933,079;210221140233
2021,92439029091;1804,30573736;87794944,182;210221140234
2001,10039961965;1803,36027768372;87794955,285;210221140236
2062,94935126054;1782,026953687;87794977,492;210221140237
2062,94935126054;1782,026953687;87794988,595;210221140238
2056,7106347335;1780,73850419791;87794999,698;210221140241
2061,95588362844;1789,16950357418;87795021,904;210221140241
2038,36410924008;1812,63189009731;87795033,007;210221140243
2047,29535956132;1812,98252937277;87795044,11;210221140244
2047,29535956132;1812,98252937277;87795055,213;210221140245
2046,79448981034;1855,97754911394;87795066,317;210221140246
2053,03947047183;1845,7173623259;87795077,42;210221140247
2053,03947047183;1845,7173623259;87795088,523;210221140248
2039,64807610763;1851,24723395465;87795099,626;210221140249
2038,64416825144;1839,55042455994;87795110,729;210221140250
2109,96059618498;1816,37800418228;87795121,832;210221140252
2073,21791397898;1805,78295526656;87795132,935;210221140253
2060,21784732216;1810,66985386678;87795144,038;210221140254
2028,69455437911;1805,75354175957;87795155,142;210221140255
2070,3513697574;1862,07591267114;87795166,245;210221140256
2112,47454191509;1875,0350839952;87795177,348;210221140257
2122,6542422646;1881,26335023452;87795188,451;210221140258
2115,60789409437;1825,34828176077;87795199,554;210221140261
2117,33962611148;1827,9591690089;87795221,76;210221140262
2110,84679051449;1884,04726352448;87795232,863;210221140263
2105,49902664988;1886,33651459191;87795243,967;210221140264
2109,09620586195;1885,74007921186;87795255,07;210221140265
2111,29692479184;1885,73607217052;87795266,173;210221140266
2122,48181794819;1865,42221763785;87795277,276;210221140268
2110,08112054122;1878,13996994212;87795299,482;210221140269
2098,32944368061;1887,60117587211;87795310,585;210221140270
2099,32250976563;1882,96918734984;87795321,688;210221140272
2090,18357929431;1877,04937633006;87795332,792;210221140273
2110,33140483655;1874,43647959606;87795343,895;210221140274
2110,33140483655;1874,43647959606;87795354,998;210221140275
2117,07526759097;1874,47204855425;87795366,101;210221140276
2112,01613576789;1861,47027799777;87795377,204;210221140277
2112,01613576789;1861,47027799777;87795388,307;210221140278
2104,98665257504;1862,32496481881;87795399,41;210221140279
2107,58470234118;1877,12067034624;87795410,513;210221140280
2113,99837293123;1880,40606549282;87795421,617;210221140281
2116,79767809416;1876,7369086111;87795432,72;210221140284
2103,93949809827;1866,18219036523;87795454,926;210221140285
2100,82272981343;1869,9717420428;87795466,029;210221140286
2100,82272981343;1869,9717420428;87795477,132;210221140287
2100,07312172338;1868,58197009926;87795488,235;210221140289
2098,14115825452;1870,62783719169;87795499,338;210221140289
2133,49450763903;1826,65074710311;87795510,442;210221140292
2137,90498030813;1819,49762569397;87795532,648;210221140293
2106,96210359272;1856,3215943734;87795543,751;210221140294
2106,96210359272;1856,3215943734;87795554,854;210221140295
2099,57379792866;1859,92464226418;87795565,957;210221140296
2099,57379792866;1859,92464226418;87795577,06;210221140297
2099,57379792866;1859,92464226418;87795588,163;210221140298
2096,91756399054;1848,49793887851;87795599,267;210221140300
2126,86970359401;1841,56948592849;87795610,37;210221140300
2126,86970359401;1841,56948592849;87795621,473;210221140301
2126,88325580798;1844,25559271617;87795632,576;210221140303
2096,94466841848;1853,87015245388;87795643,679;210221140304
2096,94466841848;1853,87015245388;87795654,782;210221140305
2107,67533151727;1829,55674906775;87795665,885;210221140307
2107,67533151727;1829,55674906775;87795676,988;210221140307
2100,05155864515;1828,84532992105;87795688,092;210221140308
2074,14494564659;1853,27565368593;87795699,195;210221140309
2074,14494564659;1853,27565368593;87795710,298;210221140310
2086,59085725483;1853,30564013397;87795721,401;210221140311
2094,01229055304;1863,75520120604;87795732,504;210221140313
2094,01229055304;1863,75520120604;87795743,607;210221140315
2102,79733758224;1855,02429720573;87795765,813;210221140316
2102,79733758224;1855,02429720573;87795776,917;210221140317
2106,6276550293;1842,28751936652;87795788,02;210221140318
2100,98746450324;1842,65186921447;87795799,123;210221140319
2100,98746450324;1842,65186921447;87795810,226;210221140320
2100,28176558645;1850,22629357685;87795821,329;210221140323
2087,17476694207;1833,10636846693;87795843,535;210221140324
2078,96983498021;1825,84840856457;87795854,638;210221140325
2089,31358738949;1832,45689738522;87795865,742;210221140326
2089,31358738949;1832,45689738522;87795876,845;210221140328
2089,66359590229;1825,88043662625;87795887,948;210221140328
2000,14242874949;1722,44863324629;87795899,051;210221140331
1983,20224159642;1681,24529573248;87795921,257;210221140331
1383,51970471834;781,197073022854;87795976,773;210221140339
1383,51970471834;781,197073022854;87795998,979;210221140339
1347,48537163985;816,985576408521;87796032,288;210221140343
1356,33508782638;814,676921556338;87796043,392;210221140344
1356,33508782638;814,676921556338;87796054,495;210221140345
1342,78849551552;827,993614441386;87796065,598;210221140346
1329,75710818642;834,413036833858;87796076,701;210221140347
1273,10040122584;880,770046983851;87796087,804;210221140350
1283,49495436016;886,759341551606;87796110,01;210221140350
1350,54621445505;846,391625969368;87796121,113;210221140351
1342,78594569156;870,01427483493;87796132,217;210221140353
1342,78594569156;870,01427483493;87796143,32;210221140354
1215,88252218146;861,238364115637;87796154,423;210221140355
1088,97909867136;852,462453396345;87796165,526;210221140357
1217,44993109452;635,298101895684;87796209,938;210221140360
1217,44993109452;635,298101895684;87796221,042;210221140361
1166,22294375771;622,891134668143;87796232,145;210221140362
1154,95416741622;620,161971567918;87796243,248;210221140364
1077,74732489335;584,612303101707;87796254,351;210221140365
1113,32790977076;612,492592325296;87796265,454;210221140366
1113,32790977076;612,492592325296;87796276,557;210221140367
1088,29520376105;626,862761897491;87796287,66;210221140370
1097,57216604132;589,930144195377;87796309,867;210221140370
1098,81071793406;567,540744819108;87796320,97;210221140371
1094,30323149029;547,312063876239;87796332,073;210221140374
1113,26866149902;534,297576743418;87796354,279;210221140375
1103,8449739155;523,740668877868;87796365,382;210221140376
1103,48424409565;519,846519311772;87796376,485;210221140377
1091,60971390574;514,11706894222;87796387,588;210221140378
1088,5687577097;506,159899647952;87796398,692;210221140379
1089,75442585192;509,44904063926;87796409,795;210221140382
1240,49798061973;465,066070134891;87796432,001;210221140382
1259,37261079487;448,111572555157;87796443,104;210221140384
1255,88928021883;440,37515168935;87796454,207;210221140386
1254,0716472425;441,274105038541;87796465,31;210221140386
1253,47891355816;443,181037791171;87796476,413;210221140387
1263,68796699925;438,478421642142;87796487,517;210221140388
1254,41564258776;424,994429720066;87796498,62;210221140389
1255,10347265946;423,207466724333;87796509,723;210221140391
1241,67302784167;427,211781273311;87796520,826;210221140391
1244,31684393632;432,397521910785;87796531,929;210221140393
1244,9299962897;439,311691828418;87796543,032;210221140394
1252,40561836644;437,839305555006;87796554,135;210221140395
1247,36715617933;426,255899737182;87796565,238;210221140396
1247,67861617239;422,696794175275;87796576,342;210221140397
1245,25362315931;421,420750796964;87796587,445;210221140398
1247,3789616635;419,836292078082;87796598,548;210221140399
1254,3742230064;417,425280423847;87796609,651;210221140402
1404,82280881781;398,005711063683;87796631,857;210221140402
1418,03042512191;391,414605313981;87796642,96;210221140404
1416,1590977719;376,93160856537;87796654,063;210221140406
1420,51147159777;373,355294777594;87796676,27;210221140407
1431,46444370872;378,311559339491;87796687,373;210221140408
1435,68216625013;385,577315886832;87796698,476;210221140409
1434,20287433423;380,221641486236;87796709,579;210221140410
1425,55026255156;375,674536602176;87796720,682;210221140411
1420,84419601842;369,651436456025;87796731,785;210221140413
1419,70245210748;366,557142562358;87796742,888;210221140414
1418,97306191294;367,154452756779;87796753,992;210221140415
1422,5945824071;368,812279285224;87796765,095;210221140417
1424,23573544151;375,478138910776;87796787,301;210221140418
1424,9798875106;371,761436221542;87796798,404;210221140419
1425,56576979788;368,498162296046;87796809,507;210221140422
1419,4217581498;367,607826654931;87796831,713;210221140422
1419,22908582185;365,118472736746;87796842,817;210221140424
1417,13544444034;368,345896353357;87796853,92;210221140425
1423,55513321726;367,888199867448;87796865,023;210221140426
1426,04603014494;372,033603252533;87796876,126;210221140427
1424,28668172736;368,219710279835;87796887,229;210221140428
1419,79696876124;367,192704457114;87796898,332;210221140429
1406,6811109844;366,973431156247;87796909,435;210221140430
1335,52457909835;398,391610934366;87796920,538;210221140431
956,888218929893;507,068047174973;87796931,642;210221140433
823,246403744346;544,856652804351;87796942,745;210221140434
683,527253803454;517,170579343061;87796953,848;210221140435
529,084456594367;506,184799248751;87796964,951;210221140436
521,390172054893;505,665179520939;87796976,054;210221140437
527,157793546978;512,778237859885;87796987,157;210221140438
524,147796630859;524,634922377762;87796998,26;210221140439
524,337889018811;522,772052843826;87797009,363;210221140441
523,756408691406;528,234578236428;87797020,467;210221140441
519,790047093441;522,572540092609;87797031,57;210221140443
519,90448801141;526,557190158681;87797042,673;210221140444
518,383186741879;532,967596773093;87797053,776;210221140445
517,446377402858;537,061958886476;87797064,879;210221140446
518,054359837582;533,502750390964;87797075,982;210221140447
515,404671116879;530,884163938747;87797087,085;210221140448
517,72750051398;519,478513729307;87797098,188;210221140449
487,726914255242;500,733505828319;87797109,292;210221140450
2977,41281609786;-57,5689698573818;87801331,472;210221140872
2977,41281609786;-57,5689698573818;87801342,575;210221140874
2977,41281609786;-57,5689698573818;87801353,678;210221140875
1733,6413534064;765,731195541239;87802366,892;210221140976
1817,53210770456;787,668188484369;87802377,995;210221140978
1737,07556473581;777,398343614824;87802400,201;210221140979
1716,50677731163;755,730635977514;87802411,304;210221140980
1716,19891116494;694,127436710684;87802422,407;210221140981
1706,62076849686;654,779505297868;87802433,511;210221140982
1680,02560264186;629,511215607325;87802444,614;210221140984
1736,96128443668;665,022639170771;87802455,717;210221140985
1732,36286765651;640,95777984921;87802466,82;210221140986
1754,49104309082;631,800501043695;87802477,923;210221140987
1737,88986206055;577,138265093454;87802489,026;210221140988
1747,43941457648;562,57053809278;87802500,129;210221140991
1674,87493816175;536,890762660537;87802522,336;210221140991
1661,99115953947;542,681367738038;87802533,439;210221140992
1716,63113644249;566,836425764202;87802544,542;210221140994
1775,46679848119;571,965903745799;87802555,645;210221140995
1785,52378604287;551,266194956642;87802566,748;210221140996
1784,13371035927;534,420682229998;87802577,851;210221140997
1719,34358697189;559,59292750186;87802588,954;210221140998
1727,95853865774;551,152969918108;87802600,057;210221140999
1673,4163183915;536,521460419536;87802611,161;210221141000
1738,40111180356;491,691462734683;87802622,264;210221141002
1355,66457447253;-387,771511288982;87805157,304;210221141256
1355,66457447253;-387,771511288982;87805179,51;210221141257
1376,17932369835;-415,397960104792;87805190,613;210221141258
1609,22391791093;-232,220328633795;87805201,717;210221141259
1662,95668953343;-252,309560603491;87805212,82;210221141260
1742,58089567486;-207,027911147157;87805223,923;210221141262
1741,77794205515;-299,881977490649;87805235,026;210221141264
1686,46900779323;-282,983481833997;87805257,232;210221141265
2462,21048455489;-429,859309511034;87805457,088;210221141285
2480,59756630345;-438,45175270769;87805468,192;210221141288
2477,03560277035;-432,376019564209;87805490,398;210221141288
2496,5655678197;-433,833221672376;87805501,501;210221141289
2496,5655678197;-433,833221672376;87805512,604;210221141291
2514,51319644326;-443,634501750241;87805523,707;210221141292
2633,76328317743;-455,850628938806;87805545,913;210221141295
2633,76328317743;-455,850628938806;87805568,12;210221141296
2596,73461914063;-430,156088219746;87805645,842;210221141304
2596,73461914063;-430,156088219746;87805656,945;210221141305
2596,73461914063;-430,156088219746;87805668,048;210221141306
2069,74824604235;273,38436203684;87872771,913;210221152016
2069,74824604235;273,38436203684;87872783,016;210221152017
2069,74824604235;273,38436203684;87872794,119;210221152019
1989,52106676604;327,471772406867;87872805,222;210221152020
1989,52106676604;327,471772406867;87872816,326;210221152021
1989,52106676604;327,471772406867;87872827,429;210221152022
2037,18036852385;316,800823108679;87872838,532;210221152024
2037,18036852385;316,800823108679;87872849,635;210221152024
2037,18036852385;316,800823108679;87872860,738;210221152027
1977,96044600637;275,450806176955;87872882,944;210221152028
1977,96044600637;275,450806176955;87872894,047;210221152029
1996,09700253135;265,42487347628;87872905,151;210221152030
1996,09700253135;265,42487347628;87872916,254;210221152031
1996,09700253135;265,42487347628;87872927,357;210221152032
2191,19439376028;217,856312715454;87872971,769;210221152037
2191,19439376028;217,856312715454;87872982,872;210221152038
2191,19439376028;217,856312715454;87872993,976;210221152039
2101,58060977333;183,68174410316;87873005,079;210221152040
1277,875684437;-45,334955247458;87873016,182;210221152041
967,802218387001;-74,3600793920081;87873027,285;210221152042
933,351285834061;-52,5633519547326;87873038,388;210221152043
648,238844620554;-44,8140593231106;87873049,491;210221152044
946,18780738429;227,772601898837;87873060,594;210221152046
789,76926301655;234,642605664173;87873071,697;210221152047
787,858119763826;281,390452475444;87873082,801;210221152048
852,276551096063;323,880892124756;87873093,904;210221152049
852,276551096063;323,880892124756;87873105,007;210221152050
680,953698409231;292,140114709418;87873116,11;210221152051
1207,73678829795;439,615990379151;87875229,913;210221152262
1207,73678829795;439,615990379151;87875241,017;210221152263
1207,73678829795;439,615990379151;87875252,12;210221152264
1213,81358096474;464,748618554259;87875263,223;210221152266
1213,81358096474;464,748618554259;87875274,326;210221152268
1205,38613168817;327,398740865553;87875296,532;210221152269
1205,38613168817;327,398740865553;87875307,635;210221152271
1214,16220414011;213,363864958635;87875329,842;210221152272
1214,16220414011;213,363864958635;87875340,945;210221152274
1135,31184949373;209,989122455573;87875352,048;210221152274
1116,10826191149;91,7869146264068;87875363,151;210221152277
1116,10826191149;91,7869146264068;87875374,254;210221152277
1187,67716257196;59,6821934835658;87875385,357;210221152278
1192,4089732923;6,35214703876774;87875396,46;210221152279
1192,4089732923;6,35214703876774;87875407,563;210221152280
1192,4089732923;6,35214703876774;87875418,667;210221152281
1184,03428730212;-39,552672810939;87875429,77;210221152282
1184,03428730212;-39,552672810939;87875440,873;210221152283
1184,03428730212;-39,552672810939;87875451,976;210221152285
1507,1477940208;18,3376660206922;87876233,707;210221152362
1507,1477940208;18,3376660206922;87876244,81;210221152364
1418,20613459537;20,8669047045749;87876255,913;210221152365
1139,55001831055;39,0168734015512;87876267,016;210221152366
1139,55001831055;39,0168734015512;87876278,119;210221152368
1167,02226337634;40,665931151012;87876289,222;210221152369
1206,61496614155;-50,4455852788315;87876300,326;210221152369
1206,61496614155;-50,4455852788315;87876311,429;210221152370
1164,80839377955;-65,4025398054956;87876322,532;210221152372
1162,40350823653;-100,36772198295;87876333,635;210221152373
1162,40350823653;-100,36772198295;87876344,738;210221152374
1176,86498541581;-115,288929134334;87876355,841;210221152375
1184,07638951352;-201,718145626106;87876366,944;210221152376
1184,07638951352;-201,718145626106;87876378,047;210221152377
1166,05983533357;-208,96068349816;87876389,151;210221152390
1153,41616178814;-244,383719960714;87876400,254;210221152393
1153,41616178814;-244,383719960714;87876411,357;210221152393
1196,56169289037;-244,104767079492;87876422,46;210221152394
1465,01609149732;-428,669876310647;87878156,811;210221152555
1588,06431418971;-386,779491174448;87878167,915;210221152556
1588,06431418971;-386,779491174448;87878179,018;210221152558
1465,84442289252;-377,692280198494;87878201,224;210221152559
1465,84442289252;-377,692280198494;87878212,327;210221152560
1405,79889197099;-362,789818063731;87878223,43;210221152562
1238,75274658203;-367,690019039389;87878234,533;210221152563
1238,75274658203;-367,690019039389;87878245,636;210221152564
1229,99062789114;-369,487280807287;87878256,74;210221152565
1219,37840110377;-351,284027177061;87878267,843;210221152567
1219,37840110377;-351,284027177061;87878278,946;210221152567
1227,4334154631;-363,046361935488;87878290,049;210221152568
1225,04380878649;-387,368931524879;87878301,152;210221152570
1225,04380878649;-387,368931524879;87878312,255;210221152570
1239,36727423417;-381,231103606585;87878323,358;210221152571
1240,37861071135;-355,493309126787;87878334,461;210221152573
1240,37861071135;-355,493309126787;87878345,565;210221152574
1224,82127139443;-368,374941003177;87878356,668;210221152575
1219,95863663523;-394,126458115769;87878367,771;210221152577
1222,0824994539;-397,0714913261;87878389,977;210221152578
1226,43079255757;-432,372479036259;87878401,08;210221152581
1226,5503130461;-433,693566831995;87878423,286;210221152581
1180,23886429636;-439,007023536172;87878434,39;210221152582
1180,23886429636;-439,007023536172;87878445,493;210221152584
1193,94384685316;-473,484340036151;87880603,841;210221152800
1193,94384685316;-473,484340036151;87880614,944;210221152801
1193,94384685316;-473,484340036151;87880626,047;210221152802
1097,85692315353;1314,83342701682;87894469,706;210221154186
1097,85692315353;1314,83342701682;87894480,809;210221154188
1267,51979526721;1362,37823225562;87894491,913;210221154189
1298,24627826088;1406,14148527282;87894503,016;210221154190
1280,63992450112;1410,52252618452;87894514,119;210221154191
1271,80309295654;1375,74290113729;87894525,222;210221154192
1299,53424052188;1417,96088213927;87894536,325;210221154193
1308,07700408132;1421,93753879253;87894547,428;210221154195
1244,52039819015;1519,21255987631;87894569,634;210221154196
1244,31833969919;1541,28051779776;87894580,738;210221154197
1254,02689482036;1561,2468879851;87894591,841;210221154199
1241,28641831247;1556,91915422001;87894602,944;210221154200
1235,66064332661;1531,6961902283;87894614,047;210221154201
1231,70933974417;1517,09582756534;87894625,15;210221154202
1248,08157870644;1518,89104468936;87894636,253;210221154203
1238,46443577817;1517,97617139713;87894647,356;210221154204
1207,12360582854;1527,13244328783;87894658,459;210221154205
1208,62837339702;1524,63975989369;87894669,563;210221154206
1228,34173503675;1519,73129624082;87894680,666;210221154208
1249,0490762811;1512,16205601068;87894691,769;210221154209
1256,71992050974;1519,16227517353;87894702,872;210221154211
1225,7958361977;1515,52326810105;87894725,078;210221154212
1236,54590405916;1505,47418887908;87894736,181;210221154213
1250,13804184763;1504,78084968176;87894747,284;210221154214
1245,93357286955;1503,39708217914;87894758,388;210221154215
1219,80890976755;1512,95151509284;87894769,491;210221154216
1211,7958370008;1519,77350346373;87894780,594;210221154217
1261,19060516357;1552,78738758001;87894791,697;210221154219
1278,70459305613;1557,14539508305;87894802,8;210221154220
1286,06246145148;1556,80205236795;87894813,903;210221154221
1302,01366826108;1558,70764034206;87894825,006;210221154222
1302,38997810765;1549,07047732417;87894836,109;210221154223
1279,16609111585;1544,68492514198;87894847,213;210221154224
1253,84539553994;1540,48187313866;87894858,316;210221154227
1273,35709019711;1560,73867512651;87894880,522;210221154227
1272,19543457031;1395,08383328767;87894891,625;210221154230
1029,56876252827;496,715948980268;87894913,831;210221154231
1143,89126426295;354,981071389215;87894924,934;210221154232
1189,97291765715;232,049200215417;87894936,038;210221154233
1156,95905183491;240,493528524231;87894947,141;210221154234
1157,91224429482;251,443890575361;87894958,244;210221154235
1160,92092614425;241,570717815527;87894969,347;210221154236
1170,92635506078;247,573659480621;87894980,45;210221154238
1173,2646339818;244,56834289132;87894991,553;210221154239
1175,10904010973;260,897419549274;87895002,656;210221154240
1179,33754168059;257,222680551946;87895013,759;210221154241
1173,43180807013;266,135312919646;87895024,863;210221154242
1178,4573203639;280,116529293788;87895035,966;210221154243
1177,79636383057;291,227143798919;87895047,069;210221154246
1168,74140689248;340,432281746516;87895069,275;210221154246
1183,33746257581;352,185072463723;87895080,378;210221154247
1184,79258888646;340,327667549198;87895091,481;210221154249
1186,60396776701;344,96961605228;87895102,584;210221154250
1184,90999121415;337,845463009065;87895113,688;210221154251
1195,19973554109;329,805093594493;87895124,791;210221154253
1510,44837220719;28,8841515798945;87895146,997;210221154254
1652,97843531558;-127,188812200917;87895158,1;210221154255
1833,56267025596;-319,590565238845;87895169,203;210221154257
1902,50408774928;-353,490139891276;87895180,306;210221154257
240,827700966283;-97,3335465943364;87903172,2;210221155056
240,827700966283;-97,3335465943364;87903183,303;210221155057
154,371643066406;-69,7640602997613;87903194,407;210221155060
-37,9796078330595;-8,4267706154284;87903216,613;210221155061
-210,353811163652;-433,741815509122;87903227,716;210221155062
-210,353811163652;-433,741815509122;87903238,819;210221155063
-210,353811163652;-433,741815509122;87903249,922;210221155064
2059,88781577662;-412,406599552218;87904127,069;210221155152
2193,6184531764;-407,794957300739;87904138,172;210221155153
2193,6184531764;-407,794957300739;87904149,275;210221155154
2281,90548545436;-404,750229412602;87904160,378;210221155155
2952,01480263158;296,287315687338;87904171,482;210221155156
2952,01480263158;296,287315687338;87904182,585;210221155157
2952,01480263158;296,287315687338;87904193,688;210221155158
929,870525159334;2256,350737775;87906427,86;210221155382
929,870525159334;2256,350737775;87906438,963;210221155383
929,870525159334;2256,350737775;87906450,066;210221155384
1158,56704711914;2020,70418117601;87906472,272;210221155386
1158,56704711914;2020,70418117601;87906483,375;210221155387
879,074156911749;1940,22636788035;87906494,478;210221155390
889,079545673571;1959,20669970823;87906516,685;210221155391
861,205040781121;1959,21556282858;87906527,788;210221155392
883,301604421515;1996,14306107442;87906538,891;210221155393
883,301604421515;1996,14306107442;87906549,994;210221155394
778,641871402138;2206,49517699561;87906561,097;210221155395
778,641871402138;2206,49517699561;87906572,2;210221155398
603,70266563014;1918,09435540934;87906594,406;210221155399
1057,64668113307;2149,30508119692;87906605,51;210221155400
1057,64668113307;2149,30508119692;87906616,613;210221155401
1085,10101719906;2202,48968001061;87906627,716;210221155402
959,737155311986;2294,28830340232;87906638,819;210221155403
959,737155311986;2294,28830340232;87906649,922;210221155404
967,867921528063;2281,208193105;87906661,025;210221155406
1047,07033257735;2167,86194481536;87906672,128;210221155407
1047,07033257735;2167,86194481536;87906683,231;210221155409
983,948777851306;2127,44261584387;87906705,438;210221155410
983,948777851306;2127,44261584387;87906716,541;210221155411
996,41496758712;2148,1934286341;87906727,644;210221155414
931,305614270662;2245,41132285995;87906749,85;210221155414
903,241207725123;2210,57203238238;87906760,953;210221155415
910,043254651521;2214,95982734166;87906772,056;210221155417
910,043254651521;2214,95982734166;87906783,16;210221155417
916,761579011616;2229,88560487738;87906794,263;210221155419
612,287260356702;2062,83602457393;87906805,366;210221155420
612,287260356702;2062,83602457393;87906816,469;210221155421
472,164113898026;1966,19073455156;87906827,572;210221155422
880,197545101768;2221,97234738423;87906838,675;210221155423
880,197545101768;2221,97234738423;87906849,778;210221155424
1060,58815403988;2335,05274165941;87906860,881;210221155425
1682,86781311035;2313,36816664208;87906871,985;210221155426
1682,86781311035;2313,36816664208;87906883,088;210221155428
1682,86781311035;2313,36816664208;87906894,191;210221155428
1617,97881879305;-18,0684981739407;87935765,822;210221162316
1350,32435969303;197,981057265573;87935776,926;210221162317
1350,32435969303;197,981057265573;87935788,029;210221162318
1105,68759315892;395,450509247244;87935799,132;210221162319
1244,30495814273;264,30237931192;87936559,955;210221162395
1243,88714840538;282,408655323461;87936571,058;210221162398
1206,47737603439;549,599613382931;87936593,265;210221162399
1181,20924297132;697,26960874822;87936604,368;210221162400
1354,62493896484;361,770228565548;87936659,883;210221162405
1349,04573340165;384,713046381165;87936670,987;210221162407
1305,1097468326;452,36838285465;87936682,09;210221162408
1349,4372844696;393,577745739408;87936693,193;210221162409
1357,1140590467;445,358484116717;87936704,296;210221162410
1355,41256352475;431,08542929253;87936715,399;210221162411
1342,3846897326;429,469340057494;87936726,502;210221162412
1346,85248324746;385,429139335831;87936737,605;210221162415
1355,81732298198;345,104399441166;87936759,812;210221162415
1335,78163950067;341,796609430694;87936770,915;210221162416
1965,87448120117;452,777206333527;87936782,018;210221162418
1666,1473675778;347,766905046604;87936793,121;210221162419
1615,74999658685;366,649131992937;87936804,224;210221162420
1345,14126526682;337,864420829041;87936815,327;210221162422
1336,09171917564;339,170530396027;87936837,533;210221162423
1337,92523835835;341,425303452494;87936848,637;210221162424
1335,63762464021;338,556526643757;87936859,74;210221162427
1341,97304374293;295,805851800983;87936881,946;210221162428
1345,99432694285;284,123272770942;87936893,049;210221162429
1382,2254933809;253,874415780169;87936904,152;210221162430
1495,10822609851;123,604154379835;87936915,255;210221162431
1717,48811822189;-125,227277255923;87936926,358;210221162432
1797,40782285991;-239,759994939374;87936937,462;210221162433
1871,35411312706;-379,678200145557;87936948,565;210221162435
1856,98238172029;-438,803956592575;87936992,977;210221162439
1876,9371835809;-440,388627976235;87937004,08;210221162440
1876,9371835809;-440,388627976235;87937015,183;210221162442
1937,70912571957;-390,666827561452;87937037,39;210221162443
1937,70912571957;-390,666827561452;87937048,493;210221162444
1937,70912571957;-390,666827561452;87937059,596;210221162445
1878,51289447985;-446,681864295185;87937070,699;210221162446
1878,51289447985;-446,681864295185;87937081,802;210221162448
1878,51289447985;-446,681864295185;87937092,905;210221162449
663,02096718236;406,080977055846;87938247,63;210221162564
740,821998997738;450,037463058474;87938258,733;210221162567
887,019267835115;520,039465882973;87938280,94;210221162568
1007,24366840563;576,068163447764;87938292,043;210221162569
1010,21784732216;584,79076537302;87938303,146;210221162571
1011,09721535131;585,263961553268;87938325,352;210221162575
1037,04585025185;586,855521651475;87938336,455;210221162576
1015,10565908332;601,757873985774;87938347,558;210221162577
1030,58423494038;624,092348704438;87938358,662;210221162579
1010,95697503341;618,517744068795;87938369,765;210221162581
1023,03934599224;605,140301204774;87938380,868;210221162582
1010,58859574167;599,270310862855;87938403,074;210221162583
1012,44199652421;603,200914467161;87938414,177;210221162583
1015,06217153449;613,544333082765;87938425,28;210221162583
1022,67327559622;612,985912721591;87938436,383;210221162584
1019,58758705541;629,439460193257;87938447,487;210221162585
1022,35914531507;624,532816502477;87938458,59;210221162586
1001,75905729595;651,458836654721;87938469,693;210221162586
852,800188566509;775,473753238117;87938480,796;210221162588
615,070383172286;987,075836600353;87938491,899;210221162589
519,056460731908;1119,14779559024;87938503,002;210221162590
425,616896779913;1096,90940316192;87938514,105;210221162591
408,908321982936;1068,14760873935;87938525,208;210221162592
386,180355674342;1066,09484596159;87938536,312;210221162595
388,087423224198;1050,01386693094;87938558,518;210221162596
392,771510074013;1046,74569405186;87938569,621;210221162596
382,782022576583;1056,04522808956;87938580,724;210221162598
387,490282560649;1062,18781769353;87938591,827;210221162599
385,314740632709;1068,69850561721;87938602,93;210221162600
388,110953883121;1079,64086395524;87938614,033;210221162602
385,528604607833;1085,99871650656;87938636,24;210221162603
323,652930008737;1076,98387826914;87938647,343;210221162604
140,190004047594;1095,58647653754;87938658,446;210221162605
70,6367091128698;1104,20930831883;87938669,549;210221162607
48,8044337222448;1109,17411175849;87938680,652;210221162607
72,9935495476971;1093,65294251944;87938691,755;210221162609
68,6563592208056;1089,38657104623;87938702,858;210221162611
66,0304019325655;1087,15623449327;87938713,962;210221162611
67,6459864566198;1088,28996083767;87938725,065;210221162613
63,0957352487662;1080,48194579042;87938747,271;210221162614
56,916809082031;1084,43543180176;87938758,374;210221162615
57,3409231085523;1083,6404064836;87938769,477;210221162618
60,1095099198188;1089,59436880928;87938791,683;210221162618
55,8530305561264;1081,17310824342;87938802,787;210221162620
67,6030209189964;1083,91686877349;87938813,89;210221162621
67,0400519120063;1089,42588284489;87938824,993;210221162622
82,2577225534537;1107,91178411147;87938836,096;210221162624
74,1666291889389;1111,99624888681;87938847,199;210221162626
63,8692755448188;1106,48182119382;87938869,405;210221162626
67,704451711554;1103,70907167126;87938880,508;210221162627
71,4467901932563;1107,60641176334;87938891,612;210221162629
72,4137958727382;1111,5222773404;87938902,715;210221162630
47,8147807874175;1114,28802834795;87938913,818;210221162631
47,8908338044816;1119,32337280688;87938924,921;210221162634
55,3122269479849;1129,02448484401;87938947,127;210221162634
58,9249460320721;1124,20336723347;87938958,23;210221162635
67,9675453587579;1145,77947993817;87938969,333;210221162637
91,2284449527135;1142,90535134422;87938980,437;210221162637
90,0875693873353;1144,249345581;87938991,54;210221162638
84,7912437037415;1121,23044965963;87939002,643;210221162641
77,6843422337579;1121,16770648626;87939024,849;210221162642
77,0495766087579;1129,50714956467;87939035,952;210221162643
93,256498637952;1083,84478392339;87939047,055;210221162644
124,375915527343;1030,21424344881;87939058,158;210221162645
162,417000218441;954,984786727437;87939069,262;210221162646
99,9424181486428;1145,71276750851;87939080,365;210221162647
160,98219219007;1131,0808668761;87939091,468;210221162649
256,590270996094;1141,1042402822;87939102,571;210221162650
548,226848401521;1151,68117969584;87939113,674;210221162651
1247,53572564376;1130,64779899256;87939124,777;210221162652
1400,61053414094;1134,21934065579;87939135,88;210221162653
1674,89876998098;1147,41281499358;87939146,983;210221162654
1896,35507684005;1171,11890071288;87939158,087;210221162657
1868,85357906944;1176,76089700832;87939180,293;210221162657
1883,17015798468;1184,35410537329;87939191,396;210221162658
1886,98483517295;1189,71729628642;87939202,499;210221162660
1882,70460429944;1190,52795849752;87939213,602;210221162661
1883,31013729698;1197,31238131704;87939224,705;210221162662
1900,77912180047;1222,49266803509;87939235,808;210221162663
1898,23762994064;1215,36484080268;87939246,912;210221162664
1891,49101658871;1221,20817158011;87939258,015;210221162665
1883,31210487767;1207,06020510197;87939269,118;210221162668
1880,91723793431;1205,73538814751;87939291,324;210221162668
1886,50570919639;1203,63039720533;87939302,427;210221162670
1917,91775352076;1199,2498365927;87939313,53;210221162671
1954,6583677593;1188,30787285659;87939324,633;210221162672
1964,37922025982;1182,60064962866;87939335,737;210221162673
1964,91458290502;1173,32157940476;87939346,84;210221162674
1963,35445203279;1186,20367777722;87939357,943;210221162675
1973,51391440944;1198,76890433365;87939369,046;210221162676
1962,27404945775;1208,49116628157;87939380,149;210221162677
1961,99268541838;1208,48035630946;87939391,252;210221162679
1961,19388781096;1212,94235364527;87939402,355;210221162680
1969,01212993421;1209,65999846955;87939413,458;210221162681
1991,67751513029;1203,00205679065;87939424,562;210221162683
2026,76014147307;1194,75137488375;87939446,768;210221162684
2022,33186019094;1200,30030455242;87939457,871;210221162685
2029,37174345318;1201,03518029144;87939468,974;210221162686
2024,50591639469;1211,80805086576;87939480,077;210221162687
2026,95511265805;1206,87774943642;87939491,18;210221162689
2024,3490319503;1209,26174472663;87939502,283;210221162690
2017,71641781456;1210,96846833076;87939513,387;210221162691
2016,18025930304;1209,77093531588;87939524,49;210221162692
2019,15742974532;1215,13732362184;87939535,593;210221162693
2020,70850573088;1217,51015557383;87939546,696;210221162694
2014,77554722836;1221,26883225526;87939557,799;210221162695
2016,93231683028;1231,22073494481;87939568,902;210221162696
2022,84174467388;1231,30020933983;87939580,005;210221162697
2024,40888254266;1228,85343661124;87939591,108;210221162699
2016,8840910259;1218,05253420915;87939602,212;210221162700
2008,16152472245;1220,17192704891;87939613,315;210221162701
2006,95106104801;1222,99750170229;87939624,418;210221162702
2012,82171952097;1227,55667215441;87939635,521;210221162703
2008,63864296361;1230,40678621026;87939646,624;210221162704
2005,85327148438;1231,50353021865;87939657,727;210221162705
1999,47588067306;1223,57970676963;87939668,83;210221162706
2006,41977410567;1221,12009997367;87939679,933;210221162707
2004,68328375565;1217,97854890189;87939691,037;210221162708
1994,49420728182;1211,56123980457;87939702,14;210221162710
1999,89714371531;1193,02722026191;87939713,243;210221162711
