NaN;NaN;Invalid;NaN;Invalid;0,5003361;0,6468763;Valid;3,066895;Valid;2102202118333181
NaN;NaN;Invalid;NaN;Invalid;0,4993846;0,648145;Valid;3,067139;Valid;2102202118333181
NaN;NaN;Invalid;NaN;Invalid;0,4597888;0,6980232;Valid;3,117188;Valid;2102202118333181
NaN;NaN;Invalid;NaN;Invalid;0,4179407;0,7516947;Valid;3,048904;Valid;2102202118333182
NaN;NaN;Invalid;NaN;Invalid;0,3926437;0,7872842;Valid;3,056259;Valid;2102202118333183
NaN;NaN;Invalid;NaN;Invalid;0,3660868;0,7983108;Valid;3,077103;Valid;2102202118333184
NaN;NaN;Invalid;NaN;Invalid;0,3670608;0,7940086;Valid;3,065613;Valid;2102202118333185
NaN;NaN;Invalid;NaN;Invalid;0,36258;0,7896408;Valid;3,063629;Valid;2102202118333186
NaN;NaN;Invalid;NaN;Invalid;0,360856;0,7953028;Valid;3,078323;Valid;2102202118333187
NaN;NaN;Invalid;NaN;Invalid;0,3370531;0,7975736;Valid;3,212036;Valid;2102202118333188
NaN;NaN;Invalid;NaN;Invalid;0,3445228;0,8007483;Valid;3,251678;Valid;2102202118333189
NaN;NaN;Invalid;NaN;Invalid;0,3733426;0,7945083;Valid;3,238052;Valid;2102202118333191
NaN;NaN;Invalid;NaN;Invalid;0,3938158;0,844415;Valid;3,054489;Valid;2102202118333192
NaN;NaN;Invalid;NaN;Invalid;0,3952492;0,8468016;Valid;3,053528;Valid;2102202118333193
NaN;NaN;Invalid;NaN;Invalid;0,3909426;0,8493267;Valid;3,058655;Valid;2102202118333194
NaN;NaN;Invalid;NaN;Invalid;0,3666352;0,8051454;Valid;3,249298;Valid;2102202118333195
NaN;NaN;Invalid;NaN;Invalid;0,370229;0,8014829;Valid;3,282715;Valid;2102202118333196
NaN;NaN;Invalid;NaN;Invalid;0,3760827;0,7821866;Valid;3,297867;Valid;2102202118333197
NaN;NaN;Invalid;NaN;Invalid;0,3760827;0,7821866;Valid;3,297867;Valid;2102202118333198
NaN;NaN;Invalid;NaN;Invalid;0,3299535;0,7803069;Valid;3,269653;Valid;2102202118333199
NaN;NaN;Invalid;NaN;Invalid;0,3364081;0,8035006;Valid;3,28952;Valid;2102202118333201
NaN;NaN;Invalid;NaN;Invalid;0,3364081;0,8035006;Valid;3,28952;Valid;2102202118333202
NaN;NaN;Invalid;NaN;Invalid;0,3768241;0,7854064;Valid;3,329483;Valid;2102202118333203
NaN;NaN;Invalid;NaN;Invalid;0,3787664;0,769335;Valid;3,324356;Valid;2102202118333204
NaN;NaN;Invalid;NaN;Invalid;0,3787664;0,769335;Valid;3,324356;Valid;2102202118333205
NaN;NaN;Invalid;NaN;Invalid;0,3811936;0,7653209;Valid;3,306412;Valid;2102202118333206
NaN;NaN;Invalid;NaN;Invalid;0,3719124;0,7735601;Valid;3,359497;Valid;2102202118333207
NaN;NaN;Invalid;NaN;Invalid;0,3719124;0,7735601;Valid;3,359497;Valid;2102202118333208
NaN;NaN;Invalid;NaN;Invalid;0,3271455;0,7896296;Valid;3,373032;Valid;2102202118333209
NaN;NaN;Invalid;NaN;Invalid;0,3132513;0,814517;Valid;3,313049;Valid;2102202118333211
NaN;NaN;Invalid;NaN;Invalid;0,3132513;0,814517;Valid;3,313049;Valid;2102202118333212
NaN;NaN;Invalid;NaN;Invalid;0,3132513;0,814517;Valid;3,313049;Valid;2102202118333213
NaN;NaN;Invalid;NaN;Invalid;0,1719217;0,7805081;Valid;3,402893;Valid;2102202118333214
NaN;NaN;Invalid;NaN;Invalid;0,1719217;0,7805081;Valid;3,402893;Valid;2102202118333215
0,2696423;0,6254644;Valid;3,135956;Valid;0,2151559;0,7701799;Valid;3,41922;Valid;2102202118333216
0,2572965;0,6568213;Valid;3,217224;Valid;0,2198572;0,7619289;Valid;3,411072;Valid;2102202118333217
0,2434255;0,6377987;Valid;3,170578;Valid;0,2198572;0,7619289;Valid;3,411072;Valid;2102202118333218
0,2396932;0,627157;Valid;3,192307;Valid;0,2150795;0,7698534;Valid;3,4328;Valid;2102202118333220
0,2375415;0,6162296;Valid;3,19046;Valid;0,2236558;0,7669517;Valid;3,420898;Valid;2102202118333221
0,2324691;0,6092919;Valid;3,211517;Valid;0,2236558;0,7669517;Valid;3,420898;Valid;2102202118333222
0,2374785;0,6121873;Valid;3,213058;Valid;0,2240382;0,7534433;Valid;3,436035;Valid;2102202118333223
0,2328029;0,6095169;Valid;3,215729;Valid;0,2196024;0,7458145;Valid;3,480667;Valid;2102202118333224
0,2311416;0,6055756;Valid;3,230621;Valid;0,2196024;0,7458145;Valid;3,480667;Valid;2102202118333225
0,2193346;0,6060271;Valid;3,234955;Valid;0,2067332;0,744909;Valid;3,488464;Valid;2102202118333226
0,2201202;0,5961776;Valid;3,247452;Valid;0,2141435;0,7538325;Valid;3,495346;Valid;2102202118333227
0,2257105;0,5975311;Valid;3,270645;Valid;0,2141435;0,7538325;Valid;3,495346;Valid;2102202118333228
0,2277652;0,5998647;Valid;3,281677;Valid;0,2177736;0,7544247;Valid;3,543747;Valid;2102202118333230
0,2282563;0,6071654;Valid;3,287598;Valid;0,2124454;0,7481696;Valid;3,564758;Valid;2102202118333231
0,22436;0,6071929;Valid;3,300735;Valid;0,2124454;0,7481696;Valid;3,564758;Valid;2102202118333232
0,2226117;0,6029499;Valid;3,31012;Valid;0,201941;0,7527182;Valid;3,545105;Valid;2102202118333233
0,2240723;0,6043568;Valid;3,306625;Valid;0,1950209;0,742515;Valid;3,576492;Valid;2102202118333234
0,2216131;0,6044417;Valid;3,312363;Valid;0,1950209;0,742515;Valid;3,576492;Valid;2102202118333235
0,2218619;0,6012967;Valid;3,330734;Valid;0,2080067;0,739424;Valid;3,621796;Valid;2102202118333236
0,2226105;0,6012056;Valid;3,350113;Valid;0,2053602;0,7464226;Valid;3,639664;Valid;2102202118333237
0,2223762;0,6013964;Valid;3,372406;Valid;0,2053602;0,7464226;Valid;3,639664;Valid;2102202118333238
0,2251125;0,6114774;Valid;3,373108;Valid;0,1945951;0,7413502;Valid;3,621857;Valid;2102202118333240
0,2301226;0,6144033;Valid;3,356216;Valid;0,2019301;0,7613029;Valid;3,663528;Valid;2102202118333241
0,3092797;0,6754214;Valid;3,369705;Valid;0,2019301;0,7613029;Valid;3,663528;Valid;2102202118333242
0,3737665;0,7196947;Valid;3,369659;Valid;0,3137472;0,8420708;Valid;3,663986;Valid;2102202118333243
0,4061041;0,7400491;Valid;3,376785;Valid;0,432062;0,9284338;Valid;3,624207;Valid;2102202118333244
0,4569736;0,7574683;Valid;3,381302;Valid;0,432062;0,9284338;Valid;3,624207;Valid;2102202118333245
0,4540815;0,7449243;Valid;3,381821;Valid;0,4244026;0,9187911;Valid;3,640564;Valid;2102202118333246
0,4420678;0,7195517;Valid;3,330505;Valid;0,4183793;0,923998;Valid;3,665985;Valid;2102202118333247
0,4461764;0,7278171;Valid;3,34726;Valid;0,4183793;0,923998;Valid;3,665985;Valid;2102202118333248
0,4488068;0,7262132;Valid;3,363464;Valid;0,4197239;0,9256679;Valid;3,676529;Valid;2102202118333250
0,4454927;0,6958844;Valid;3,320328;Valid;0,4239867;0,927332;Valid;3,69075;Valid;2102202118333251
0,4451694;0,6927435;Valid;3,32402;Valid;0,4239867;0,927332;Valid;3,69075;Valid;2102202118333252
0,444652;0,6865711;Valid;3,324173;Valid;0,4199937;0,9342602;Valid;3,660507;Valid;2102202118333253
0,4566603;0,7245223;Valid;3,373459;Valid;0,4175907;0,9290136;Valid;3,648102;Valid;2102202118333254
0,4582368;0,7255725;Valid;3,374847;Valid;0,4175907;0,9290136;Valid;3,648102;Valid;2102202118333255
0,4570272;0,7340074;Valid;3,382477;Valid;0,4206696;0,9320801;Valid;3,664185;Valid;2102202118333256
0,4661472;0,7537782;Valid;3,420959;Valid;0,4218189;0,9395152;Valid;3,68399;Valid;2102202118333257
0,4711355;0,7616677;Valid;3,442917;Valid;0,4218189;0,9395152;Valid;3,68399;Valid;2102202118333258
0,467167;0,7653862;Valid;3,434311;Valid;0,4230157;0,9340779;Valid;3,691162;Valid;2102202118333260
0,4657123;0,7595787;Valid;3,42598;Valid;0,4085273;0,9317641;Valid;3,726059;Valid;2102202118333261
0,4662032;0,7655658;Valid;3,432968;Valid;0,4085273;0,9317641;Valid;3,726059;Valid;2102202118333262
0,4614975;0,7635514;Valid;3,446732;Valid;0,4027698;0,9265333;Valid;3,721649;Valid;2102202118333263
0,4495209;0,7448056;Valid;3,428101;Valid;0,4180118;0,9256551;Valid;3,732544;Valid;2102202118333264
0,4428599;0,7323239;Valid;3,447586;Valid;0,4180118;0,9256551;Valid;3,732544;Valid;2102202118333265
0,4460191;0,7337846;Valid;3,441818;Valid;0,4167225;0,9396803;Valid;3,751678;Valid;2102202118333266
0,4323081;0,6900663;Valid;3,381134;Valid;0,4096205;0,9406339;Valid;3,757324;Valid;2102202118333267
0,4355417;0,7019127;Valid;3,380096;Valid;0,4096205;0,9406339;Valid;3,757324;Valid;2102202118333268
0,4406053;0,7011309;Valid;3,386749;Valid;0,4111621;0,9357725;Valid;3,766907;Valid;2102202118333270
0,4627827;0,7637842;Valid;3,510513;Valid;0,3966273;0,9331889;Valid;3,804535;Valid;2102202118333271
0,4534123;0,7384831;Valid;3,527466;Valid;0,3966273;0,9331889;Valid;3,804535;Valid;2102202118333272
0,4317071;0,6562861;Valid;3,548721;Valid;0,3818396;0,8360672;Valid;3,80983;Valid;2102202118333273
0,4095201;0,5854405;Valid;3,569199;Valid;0,3493941;0,5506514;Valid;3,809341;Valid;2102202118333274
0,3656832;0,2977281;Valid;3,56929;Valid;0,3493941;0,5506514;Valid;3,809341;Valid;2102202118333275
0,3500162;0,1755437;Valid;3,577606;Valid;0,340605;0,3841495;Valid;3,843018;Valid;2102202118333276
0,3523286;0,08193371;Valid;3,572067;Valid;0,3481757;0,1718419;Valid;3,850525;Valid;2102202118333277
0,3493932;0,01878444;Valid;3,574158;Valid;0,3187835;0,1357769;Valid;3,792053;Valid;2102202118333278
0,3541752;0,01910496;Valid;3,566757;Valid;0,3154649;0,1277532;Valid;3,785126;Valid;2102202118333280
0,3547896;0,01695505;Valid;3,563019;Valid;0,3163846;0,1241542;Valid;3,770935;Valid;2102202118333281
0,3579753;0,01438486;Valid;3,580963;Valid;0,3148449;0,1057676;Valid;3,780563;Valid;2102202118333282
0,3532015;0,005357487;Valid;3,587921;Valid;0,3158488;0,1028251;Valid;3,8013;Valid;2102202118333283
0,3542517;0,009152529;Valid;3,597473;Valid;0,3192836;0,1077438;Valid;3,802338;Valid;2102202118333284
0,3500263;0,003592719;Valid;3,598328;Valid;0,3209563;0,1173211;Valid;3,815475;Valid;2102202118333285
0,3533673;0,00769467;Valid;3,60228;Valid;0,3209994;0,121364;Valid;3,812515;Valid;2102202118333286
0,3567724;0,007134432;Valid;3,60582;Valid;0,3216334;0,1195437;Valid;3,82428;Valid;2102202118333287
0,3599608;0,007165257;Valid;3,621735;Valid;0,3247074;0,1163897;Valid;3,835342;Valid;2102202118333288
0,3539458;0,005825088;Valid;3,620132;Valid;0,3239736;0,1195106;Valid;3,842804;Valid;2102202118333290
0,3516071;0,01457429;Valid;3,628616;Valid;0,3294864;0,1195343;Valid;3,837631;Valid;2102202118333291
0,3526834;0,01810428;Valid;3,625183;Valid;0,3365695;0,1262767;Valid;3,845413;Valid;2102202118333292
0,3548012;0,02589288;Valid;3,628479;Valid;0,3378202;0,1155993;Valid;3,852631;Valid;2102202118333293
0,3572966;0,01489964;Valid;3,627197;Valid;0,3383784;0,1142726;Valid;3,850311;Valid;2102202118333294
0,3575201;0,0105861;Valid;3,628174;Valid;0,3230452;0,09581504;Valid;3,860458;Valid;2102202118333295
0,3412634;0,03380274;Valid;3,638031;Valid;0,311967;0,1277016;Valid;3,873199;Valid;2102202118333296
0,2827639;0,1283109;Valid;3,627151;Valid;0,2465604;0,2124834;Valid;3,903168;Valid;2102202118333297
0,1440738;0,3872754;Valid;3,618851;Valid;0,1177557;0,5573793;Valid;3,881409;Valid;2102202118333298
0,09974196;0,4799006;Valid;3,60936;Valid;0,07961602;0,6197336;Valid;3,846252;Valid;2102202118333300
0,09569468;0,5008644;Valid;3,609497;Valid;0,07491849;0,6437901;Valid;3,835098;Valid;2102202118333301
0,105521;0,501372;Valid;3,595627;Valid;0,09584538;0,640624;Valid;3,8302;Valid;2102202118333302
0,1073198;0,5031344;Valid;3,584793;Valid;0,09302232;0,646079;Valid;3,826492;Valid;2102202118333303
0,1069481;0,5102873;Valid;3,585007;Valid;0,1046935;0,6407057;Valid;3,794846;Valid;2102202118333304
0,1051221;0,5127107;Valid;3,57843;Valid;0,1059742;0,6402028;Valid;3,795197;Valid;2102202118333305
0,1058197;0,512479;Valid;3,579865;Valid;0,1015316;0,6425915;Valid;3,792877;Valid;2102202118333306
0,1097261;0,5162805;Valid;3,581604;Valid;0,1194252;0,6382325;Valid;3,743774;Valid;2102202118333307
0,1115198;0,5134962;Valid;3,569153;Valid;0,1175671;0,6402659;Valid;3,723007;Valid;2102202118333308
0,1106081;0,5226619;Valid;3,569458;Valid;0,124622;0,6404136;Valid;3,727585;Valid;2102202118333310
0,113392;0,5295126;Valid;3,570755;Valid;0,1282768;0,6331409;Valid;3,704651;Valid;2102202118333311
0,1131035;0,5403865;Valid;3,563721;Valid;0,1262684;0,6366616;Valid;3,689545;Valid;2102202118333312
0,1135368;0,535226;Valid;3,557465;Valid;0,1230441;0,6315972;Valid;3,669037;Valid;2102202118333313
0,1094387;0,5378378;Valid;3,540237;Valid;0,1319807;0,6286714;Valid;3,667877;Valid;2102202118333314
0,1112973;0,5386969;Valid;3,530975;Valid;0,1278993;0,6195205;Valid;3,6427;Valid;2102202118333315
0,1104494;0,5445461;Valid;3,522903;Valid;0,1265081;0,6216804;Valid;3,643723;Valid;2102202118333316
0,1099894;0,5338513;Valid;3,52475;Valid;0,09268585;0,640905;Valid;3,718338;Valid;2102202118333317
0,08377375;0,5060122;Valid;3,529556;Valid;0,05815984;0,6058264;Valid;3,711823;Valid;2102202118333318
0,069736;0,4900515;Valid;3,538086;Valid;0,04456735;0,5950686;Valid;3,714325;Valid;2102202118333320
0,06432813;0,4741848;Valid;3,549942;Valid;0,04456735;0,5950686;Valid;3,714325;Valid;2102202118333321
0,06739694;0,4774846;Valid;3,53389;Valid;0,04977931;0,5929842;Valid;3,808441;Valid;2102202118333322
0,06268039;0,4760941;Valid;3,514511;Valid;0,05592052;0,5612256;Valid;3,759216;Valid;2102202118333323
0,05316284;0,4807445;Valid;3,491409;Valid;0,05592052;0,5612256;Valid;3,759216;Valid;2102202118333324
0,05526134;0,4806745;Valid;3,491165;Valid;0,04234872;0,5797934;Valid;3,699921;Valid;2102202118333325
0,05909282;0,4789551;Valid;3,504501;Valid;0,03886097;0,580644;Valid;3,697906;Valid;2102202118333326
0,06185166;0,4781227;Valid;3,524475;Valid;0,06235413;0,5169898;Valid;3,589111;Valid;2102202118333327
0,0606322;0,4757635;Valid;3,528488;Valid;0,0611556;0,5107408;Valid;3,597687;Valid;2102202118333328
0,06623247;0,4762322;Valid;3,528061;Valid;0,06501295;0,5136998;Valid;3,610123;Valid;2102202118333330
0,06066103;0,4814562;Valid;3,50499;Valid;0,0310586;0,5779071;Valid;3,739426;Valid;2102202118333331
0,06085866;0,4892957;Valid;3,501999;Valid;0,02963723;0,5904691;Valid;3,748596;Valid;2102202118333332
0,05364807;0,4939463;Valid;3,499283;Valid;0,02758086;0,5880561;Valid;3,740067;Valid;2102202118333333
0,05816448;0,4910041;Valid;3,510529;Valid;0,02392337;0,6101273;Valid;3,780991;Valid;2102202118333334
0,0570875;0,4873615;Valid;3,518204;Valid;0,02203364;0,6150341;Valid;3,791107;Valid;2102202118333335
0,05835762;0,4890408;Valid;3,523956;Valid;0,02101662;0,6104535;Valid;3,800201;Valid;2102202118333336
0,06011362;0,4963904;Valid;3,525085;Valid;0,03422964;0,5621722;Valid;3,723099;Valid;2102202118333337
0,0627235;0,4950206;Valid;3,524551;Valid;0,03596552;0,558699;Valid;3,72522;Valid;2102202118333338
0,06251207;0,4876759;Valid;3,528503;Valid;0,03383586;0,5709823;Valid;3,727219;Valid;2102202118333340
0,05387473;0,4748426;Valid;3,534119;Valid;0,02293498;0,5839502;Valid;3,757828;Valid;2102202118333341
0,04617678;0,4578914;Valid;3,546494;Valid;0,01015501;0,5584077;Valid;3,774902;Valid;2102202118333342
0,04507118;0,4559649;Valid;3,553925;Valid;0,0092039;0,5532581;Valid;3,786209;Valid;2102202118333343
0,05098997;0,4500534;Valid;3,550949;Valid;0,007380148;0,5589641;Valid;3,815018;Valid;2102202118333344
0,04818233;0,4505453;Valid;3,56189;Valid;0,009707243;0,5590658;Valid;3,82135;Valid;2102202118333345
0,04715205;0,4485931;Valid;3,562546;Valid;0,006185665;0,5535108;Valid;3,817703;Valid;2102202118333346
0,04160168;0,4540244;Valid;3,582169;Valid;0,01467107;0,5530167;Valid;3,794968;Valid;2102202118333347
0,04251696;0,452013;Valid;3,596863;Valid;0,01809796;0,5608415;Valid;3,811401;Valid;2102202118333348
0,04425111;0,4450611;Valid;3,596802;Valid;0,02147336;0,549741;Valid;3,823624;Valid;2102202118333350
0,04739003;0,4485679;Valid;3,592911;Valid;0,02147336;0,549741;Valid;3,823624;Valid;2102202118333351
0,04691178;0,4440782;Valid;3,601547;Valid;0,0227641;0,54032;Valid;3,834579;Valid;2102202118333352
0,04488903;0,4400785;Valid;3,608994;Valid;0,02101115;0,5474489;Valid;3,846786;Valid;2102202118333353
0,04557421;0,4338168;Valid;3,618591;Valid;0,02101115;0,5474489;Valid;3,846786;Valid;2102202118333354
0,04690693;0,4435682;Valid;3,631729;Valid;0,0131018;0,5476069;Valid;3,852112;Valid;2102202118333355
0,04589914;0,4447768;Valid;3,640472;Valid;0,01566035;0,5441283;Valid;3,847275;Valid;2102202118333356
0,03973467;0,4387479;Valid;3,63855;Valid;-0,001311533;0,5513061;Valid;3,860855;Valid;2102202118333357
0,03704128;0,4303812;Valid;3,642395;Valid;-0,001272653;0,5517762;Valid;3,872192;Valid;2102202118333358
0,03723243;0,4334059;Valid;3,637527;Valid;-0,002819063;0,5600248;Valid;3,888184;Valid;2102202118333360
0,04534542;0,4344066;Valid;3,64064;Valid;-0,01122169;0,5618292;Valid;3,914917;Valid;2102202118333361
0,0416568;0,4403454;Valid;3,647217;Valid;-0,01357054;0,5643424;Valid;3,916702;Valid;2102202118333362
0,04279555;0,4512163;Valid;3,657104;Valid;-0,01744661;0,5642678;Valid;3,903259;Valid;2102202118333363
0,03780742;0,4523161;Valid;3,658096;Valid;-0,009256804;0,5715197;Valid;3,904648;Valid;2102202118333364
0,03981778;0,4542445;Valid;3,666809;Valid;-0,008681825;0,5778644;Valid;3,907349;Valid;2102202118333365
0,0406359;0,4472683;Valid;3,660767;Valid;-0,006992901;0,5715012;Valid;3,907516;Valid;2102202118333366
0,04185809;0,4546461;Valid;3,660812;Valid;-0,005304385;0,5631859;Valid;3,913803;Valid;2102202118333367
0,03571874;0,4555777;Valid;3,670059;Valid;-0,007987358;0,5657713;Valid;3,919128;Valid;2102202118333368
0,03738068;0,4487827;Valid;3,683487;Valid;-0,004037486;0,569602;Valid;3,920273;Valid;2102202118333370
0,03246338;0,4443737;Valid;3,686295;Valid;-0,001320062;0,5765123;Valid;3,929733;Valid;2102202118333371
0,03566152;0,4402207;Valid;3,685806;Valid;-0,0004746594;0,576466;Valid;3,919418;Valid;2102202118333372
0,02858136;0,4434864;Valid;3,681076;Valid;-0,002600061;0,5742823;Valid;3,918076;Valid;2102202118333373
0,03211873;0,449529;Valid;3,678818;Valid;0,0006811613;0,5821685;Valid;3,948318;Valid;2102202118333374
0,03256914;0,4571527;Valid;3,667023;Valid;0,004990319;0,5755218;Valid;3,941574;Valid;2102202118333375
0,03619964;0,4623926;Valid;3,665894;Valid;0,004888691;0,5807519;Valid;3,943085;Valid;2102202118333376
0,0361163;0,4666966;Valid;3,674011;Valid;0,006131121;0,5639256;Valid;3,914551;Valid;2102202118333377
0,03535286;0,4651336;Valid;3,673645;Valid;0,0009720099;0,5676579;Valid;4,028137;Valid;2102202118333378
0,03350157;0,4644053;Valid;3,664932;Valid;-0,001641852;0,5549131;Valid;4,005646;Valid;2102202118333379
0,03137913;0,4552624;Valid;3,650558;Valid;0,01832806;0,5426676;Valid;3,894531;Valid;2102202118333381
0,03277244;0,4585027;Valid;3,644897;Valid;0,004049431;0,5484648;Valid;3,830795;Valid;2102202118333382
0,03160291;0,4597837;Valid;3,638718;Valid;0,004435582;0,5481536;Valid;3,840942;Valid;2102202118333383
0,03148349;0,4539134;Valid;3,629959;Valid;0,004435582;0,5481536;Valid;3,840942;Valid;2102202118333384
0,03029943;0,4446823;Valid;3,626297;Valid;0,01080084;0,5529981;Valid;3,83374;Valid;2102202118333385
0,02944557;0,4451925;Valid;3,623047;Valid;0,01152257;0,5632443;Valid;3,828018;Valid;2102202118333386
0,04023612;0,4461826;Valid;3,641068;Valid;0,01152257;0,5632443;Valid;3,828018;Valid;2102202118333387
0,04120364;0,4478001;Valid;3,630615;Valid;0,01352784;0,5658063;Valid;3,813553;Valid;2102202118333388
0,04087694;0,4489732;Valid;3,633621;Valid;0,01557706;0,5667937;Valid;3,827896;Valid;2102202118333389
0,03319449;0,4602028;Valid;3,619049;Valid;0,01557706;0,5667937;Valid;3,827896;Valid;2102202118333391
0,03139156;0,4580249;Valid;3,616776;Valid;0,01247401;0,5629218;Valid;3,827667;Valid;2102202118333392
0,03019702;0,456718;Valid;3,614944;Valid;0,01257135;0,5571046;Valid;3,809982;Valid;2102202118333393
0,02875267;0,4516987;Valid;3,609772;Valid;0,01257135;0,5571046;Valid;3,809982;Valid;2102202118333394
0,03233081;0,457839;Valid;3,611969;Valid;0,01318688;0,5647681;Valid;3,800201;Valid;2102202118333395
0,03645864;0,4634273;Valid;3,612381;Valid;0,007451307;0,5665568;Valid;3,780457;Valid;2102202118333396
0,03695115;0,4675252;Valid;3,614029;Valid;0,007451307;0,5665568;Valid;3,780457;Valid;2102202118333397
0,0359735;0,4620436;Valid;3,59848;Valid;0,01113187;0,5553613;Valid;3,776169;Valid;2102202118333398
0,03521263;0,4571044;Valid;3,604706;Valid;0,02460581;0,5538949;Valid;3,792404;Valid;2102202118333400
0,03199913;0,4537076;Valid;3,592285;Valid;-0,0126533;0,5313534;Valid;3,876297;Valid;2102202118333401
0,02514708;0,4503921;Valid;3,586594;Valid;-0,01720648;0,532941;Valid;3,871246;Valid;2102202118333402
0,02686847;0,44643;Valid;3,570343;Valid;-0,02021079;0,5290871;Valid;3,863861;Valid;2102202118333403
0,04291977;0,4516917;Valid;3,582123;Valid;0,014798;0,5510763;Valid;3,774704;Valid;2102202118333404
0,06571394;0,4619914;Valid;3,576599;Valid;0,04906159;0,5583332;Valid;3,764557;Valid;2102202118333405
0,07770544;0,4680199;Valid;3,580215;Valid;0,05566964;0,5579901;Valid;3,760422;Valid;2102202118333406
0,077546;0,4632285;Valid;3,579132;Valid;0,04219676;0,5533811;Valid;3,797699;Valid;2102202118333407
0,07421441;0,468453;Valid;3,574341;Valid;0,03950439;0,5578568;Valid;3,796402;Valid;2102202118333408
0,07394239;0,4763147;Valid;3,574707;Valid;0,03829598;0,5611688;Valid;3,789352;Valid;2102202118333409
0,07092444;0,4804494;Valid;3,564438;Valid;0,03727387;0,5604047;Valid;3,776245;Valid;2102202118333411
0,07351;0,4835215;Valid;3,556641;Valid;0,04226127;0,5573551;Valid;3,765625;Valid;2102202118333412
0,07161935;0,4760878;Valid;3,553452;Valid;0,04415911;0,5518661;Valid;3,77298;Valid;2102202118333413
0,06796336;0,4721769;Valid;3,551743;Valid;0,002196957;0,5220407;Valid;3,911041;Valid;2102202118333414
0,07037294;0,4699005;Valid;3,551254;Valid;0,002391583;0,5292423;Valid;3,901733;Valid;2102202118333415
0,07262775;0,4719247;Valid;3,550476;Valid;0,001139151;0,5328683;Valid;3,887634;Valid;2102202118333416
0,07646032;0,4722214;Valid;3,543472;Valid;0,04321653;0,5594833;Valid;3,769897;Valid;2102202118333417
0,07217899;0,4732243;Valid;3,54187;Valid;0,0395513;0,5499802;Valid;3,771027;Valid;2102202118333418
0,07300431;0,4754063;Valid;3,527496;Valid;0,03950733;0,5506611;Valid;3,777802;Valid;2102202118333420
0,07564795;0,4853688;Valid;3,535431;Valid;0,0425062;0,5499406;Valid;3,749634;Valid;2102202118333421
0,08084518;0,4804813;Valid;3,528168;Valid;0,04485997;0,5524547;Valid;3,739136;Valid;2102202118333422
0,07917044;0,4731475;Valid;3,540817;Valid;0,04393462;0,5580853;Valid;3,736893;Valid;2102202118333423
0,07556951;0,4620899;Valid;3,532913;Valid;0,05579823;0,5710377;Valid;3,70488;Valid;2102202118333424
0,07618533;0,4668168;Valid;3,534058;Valid;0,0568706;0,5740546;Valid;3,699905;Valid;2102202118333425
0,07355757;0,471369;Valid;3,512436;Valid;0,06002694;0,5661657;Valid;3,697159;Valid;2102202118333426
0,07693586;0,4723903;Valid;3,506561;Valid;0,06002694;0,5661657;Valid;3,697159;Valid;2102202118333427
0,07483514;0,4738985;Valid;3,502136;Valid;0,06273931;0,5682014;Valid;3,68782;Valid;2102202118333428
0,07840769;0,4778165;Valid;3,495575;Valid;0,0681776;0,5741252;Valid;3,704849;Valid;2102202118333430
0,07293551;0,474235;Valid;3,492828;Valid;0,0681776;0,5741252;Valid;3,704849;Valid;2102202118333431
0,07290377;0,4769523;Valid;3,496445;Valid;0,06550573;0,566743;Valid;3,694687;Valid;2102202118333432
0,07189895;0,4796277;Valid;3,509613;Valid;0,06090584;0,5660662;Valid;3,667419;Valid;2102202118333433
0,07247353;0,4791572;Valid;3,515472;Valid;0,06090584;0,5660662;Valid;3,667419;Valid;2102202118333434
0,0732488;0,4736612;Valid;3,511063;Valid;0,06485672;0,5594781;Valid;3,679062;Valid;2102202118333435
0,07340883;0,4687872;Valid;3,504349;Valid;0,09644555;0,5834218;Valid;3,691391;Valid;2102202118333436
0,1656451;0,5196763;Valid;3,49295;Valid;0,09644555;0,5834218;Valid;3,691391;Valid;2102202118333437
0,4303009;0,6716896;Valid;3,493851;Valid;0,3696336;0,7234309;Valid;3,670471;Valid;2102202118333438
0,4735301;0,6854016;Valid;3,514343;Valid;0,4676556;0,7687894;Valid;3,659927;Valid;2102202118333439
0,5196342;0,7097816;Valid;3,513672;Valid;0,4888997;0,7829054;Valid;3,653671;Valid;2102202118333441
0,5511702;0,730664;Valid;3,517227;Valid;0,5198482;0,7929492;Valid;3,65123;Valid;2102202118333442
0,5495474;0,7336944;Valid;3,51001;Valid;0,5224557;0,7957996;Valid;3,65036;Valid;2102202118333443
0,5547235;0,7433629;Valid;3,512482;Valid;0,5153321;0,8039545;Valid;3,647339;Valid;2102202118333444
0,5637223;0,744555;Valid;3,515213;Valid;0,5167747;0,8138402;Valid;3,651047;Valid;2102202118333445
0,5618322;0,7442238;Valid;3,514069;Valid;0,519473;0,8158466;Valid;3,647614;Valid;2102202118333446
0,5602121;0,737729;Valid;3,516357;Valid;0,5189539;0,8195664;Valid;3,646606;Valid;2102202118333447
0,5587267;0,7344211;Valid;3,516281;Valid;0,5201759;0,8218316;Valid;3,646286;Valid;2102202118333448
0,5599331;0,7367077;Valid;3,520584;Valid;0,5190367;0,8169192;Valid;3,651154;Valid;2102202118333449
0,5567579;0,7394199;Valid;3,516327;Valid;0,5255318;0,8031979;Valid;3,661682;Valid;2102202118333451
0,5285302;0,7579572;Valid;3,497528;Valid;0,510251;0,8531456;Valid;3,614014;Valid;2102202118333452
0,5039265;0,7691895;Valid;3,467026;Valid;0,4722609;0,9027355;Valid;3,441498;Valid;2102202118333453
0,4637286;0,794224;Valid;3,354401;Valid;0,4722609;0,9027355;Valid;3,441498;Valid;2102202118333454
NaN;NaN;Invalid;NaN;Invalid;NaN;NaN;Invalid;NaN;Invalid;2102202118333455
NaN;NaN;Invalid;NaN;Invalid;NaN;NaN;Invalid;NaN;Invalid;2102202118333456
NaN;NaN;Invalid;NaN;Invalid;NaN;NaN;Invalid;NaN;Invalid;2102202118333457
NaN;NaN;Invalid;NaN;Invalid;NaN;NaN;Invalid;NaN;Invalid;2102202118333458
NaN;NaN;Invalid;NaN;Invalid;NaN;NaN;Invalid;NaN;Invalid;2102202118333459
NaN;NaN;Invalid;NaN;Invalid;NaN;NaN;Invalid;NaN;Invalid;2102202118333461
NaN;NaN;Invalid;NaN;Invalid;NaN;NaN;Invalid;NaN;Invalid;2102202118333462
NaN;NaN;Invalid;NaN;Invalid;NaN;NaN;Invalid;NaN;Invalid;2102202118333463
NaN;NaN;Invalid;NaN;Invalid;NaN;NaN;Invalid;NaN;Invalid;2102202118333464
NaN;NaN;Invalid;NaN;Invalid;NaN;NaN;Invalid;NaN;Invalid;2102202118333465
NaN;NaN;Invalid;NaN;Invalid;NaN;NaN;Invalid;NaN;Invalid;2102202118333466
NaN;NaN;Invalid;NaN;Invalid;NaN;NaN;Invalid;NaN;Invalid;2102202118333467
NaN;NaN;Invalid;NaN;Invalid;NaN;NaN;Invalid;NaN;Invalid;2102202118333468
NaN;NaN;Invalid;NaN;Invalid;NaN;NaN;Invalid;NaN;Invalid;2102202118333469
NaN;NaN;Invalid;NaN;Invalid;NaN;NaN;Invalid;NaN;Invalid;2102202118333470
NaN;NaN;Invalid;NaN;Invalid;NaN;NaN;Invalid;NaN;Invalid;2102202118333471
NaN;NaN;Invalid;NaN;Invalid;NaN;NaN;Invalid;NaN;Invalid;2102202118333473
NaN;NaN;Invalid;NaN;Invalid;NaN;NaN;Invalid;NaN;Invalid;2102202118333474
NaN;NaN;Invalid;NaN;Invalid;NaN;NaN;Invalid;NaN;Invalid;2102202118333475
NaN;NaN;Invalid;NaN;Invalid;NaN;NaN;Invalid;NaN;Invalid;2102202118333476
NaN;NaN;Invalid;NaN;Invalid;NaN;NaN;Invalid;NaN;Invalid;2102202118333477
NaN;NaN;Invalid;NaN;Invalid;NaN;NaN;Invalid;NaN;Invalid;2102202118333478
NaN;NaN;Invalid;NaN;Invalid;NaN;NaN;Invalid;NaN;Invalid;2102202118333479
NaN;NaN;Invalid;NaN;Invalid;NaN;NaN;Invalid;NaN;Invalid;2102202118333480
NaN;NaN;Invalid;NaN;Invalid;NaN;NaN;Invalid;NaN;Invalid;2102202118333482
NaN;NaN;Invalid;NaN;Invalid;NaN;NaN;Invalid;NaN;Invalid;2102202118333483
NaN;NaN;Invalid;NaN;Invalid;NaN;NaN;Invalid;NaN;Invalid;2102202118333484
NaN;NaN;Invalid;NaN;Invalid;NaN;NaN;Invalid;NaN;Invalid;2102202118333485
NaN;NaN;Invalid;NaN;Invalid;NaN;NaN;Invalid;NaN;Invalid;2102202118333486
NaN;NaN;Invalid;NaN;Invalid;NaN;NaN;Invalid;NaN;Invalid;2102202118333487
NaN;NaN;Invalid;NaN;Invalid;NaN;NaN;Invalid;NaN;Invalid;2102202118333488
NaN;NaN;Invalid;NaN;Invalid;NaN;NaN;Invalid;NaN;Invalid;2102202118333489
NaN;NaN;Invalid;NaN;Invalid;NaN;NaN;Invalid;NaN;Invalid;2102202118333490
NaN;NaN;Invalid;NaN;Invalid;NaN;NaN;Invalid;NaN;Invalid;2102202118333491
NaN;NaN;Invalid;NaN;Invalid;NaN;NaN;Invalid;NaN;Invalid;2102202118333493
NaN;NaN;Invalid;NaN;Invalid;NaN;NaN;Invalid;NaN;Invalid;2102202118333494
NaN;NaN;Invalid;NaN;Invalid;NaN;NaN;Invalid;NaN;Invalid;2102202118333495
NaN;NaN;Invalid;NaN;Invalid;NaN;NaN;Invalid;NaN;Invalid;2102202118333496
NaN;NaN;Invalid;NaN;Invalid;NaN;NaN;Invalid;NaN;Invalid;2102202118333497
NaN;NaN;Invalid;NaN;Invalid;NaN;NaN;Invalid;NaN;Invalid;2102202118333498
NaN;NaN;Invalid;NaN;Invalid;NaN;NaN;Invalid;NaN;Invalid;2102202118333499
NaN;NaN;Invalid;NaN;Invalid;NaN;NaN;Invalid;NaN;Invalid;2102202118333500
NaN;NaN;Invalid;NaN;Invalid;NaN;NaN;Invalid;NaN;Invalid;2102202118333501
NaN;NaN;Invalid;NaN;Invalid;NaN;NaN;Invalid;NaN;Invalid;2102202118333503
NaN;NaN;Invalid;NaN;Invalid;NaN;NaN;Invalid;NaN;Invalid;2102202118333504
NaN;NaN;Invalid;NaN;Invalid;0,01371332;0,1118434;Valid;3,515442;Valid;2102202118333505
NaN;NaN;Invalid;NaN;Invalid;0,08510634;0,1956375;Valid;3,594559;Valid;2102202118333506
0,4177899;0,4820402;Valid;3,474182;Valid;0,1765248;0,2904775;Valid;3,568909;Valid;2102202118333507
0,4645888;0,5248873;Valid;3,356583;Valid;0,426225;0,5528604;Valid;3,533752;Valid;2102202118333508
0,4776026;0,5421448;Valid;3,358704;Valid;0,4791853;0,6157261;Valid;3,486816;Valid;2102202118333509
0,5081667;0,5843326;Valid;3,362228;Valid;0,5045764;0,6688505;Valid;3,502426;Valid;2102202118333511
0,5181447;0,6062073;Valid;3,355957;Valid;0,5050778;0,676;Valid;3,498703;Valid;2102202118333512
0,5234513;0,6163546;Valid;3,347855;Valid;0,5106155;0,6749858;Valid;3,480789;Valid;2102202118333513
0,5264558;0,6150821;Valid;3,335068;Valid;0,509669;0,6546413;Valid;3,491226;Valid;2102202118333514
0,5281823;0,6154562;Valid;3,336655;Valid;0,5108271;0,6607457;Valid;3,483109;Valid;2102202118333515
0,5316162;0,6112286;Valid;3,353638;Valid;0,5084819;0,6655689;Valid;3,477798;Valid;2102202118333516
0,5342132;0,6229414;Valid;3,354492;Valid;0,52689;0,6925195;Valid;3,427002;Valid;2102202118333517
0,5329633;0,6218598;Valid;3,353394;Valid;0,5297137;0,6914476;Valid;3,422134;Valid;2102202118333518
0,5284332;0,6246307;Valid;3,338409;Valid;0,529658;0,6880929;Valid;3,428757;Valid;2102202118333519
0,5206883;0,6185937;Valid;3,33252;Valid;0,5077568;0,6759951;Valid;3,467178;Valid;2102202118333521
0,5191839;0,6267935;Valid;3,326294;Valid;0,5055667;0,6707461;Valid;3,467194;Valid;2102202118333522
0,5195553;0,6234945;Valid;3,328613;Valid;0,5049335;0,6666248;Valid;3,465958;Valid;2102202118333523
0,5220222;0,6276247;Valid;3,342056;Valid;0,5212353;0,6781338;Valid;3,445404;Valid;2102202118333524
0,5248529;0,626551;Valid;3,345108;Valid;0,5195357;0,6955295;Valid;3,461136;Valid;2102202118333525
0,5300339;0,6299883;Valid;3,355515;Valid;0,5195259;0,6949692;Valid;3,459579;Valid;2102202118333526
0,5349582;0,6319506;Valid;3,350266;Valid;0,5194713;0,6927584;Valid;3,441666;Valid;2102202118333527
0,5315276;0,63315;Valid;3,346039;Valid;0,5582806;0,6586111;Valid;3,449707;Valid;2102202118333528
0,5220426;0,6339749;Valid;3,339203;Valid;0,5537444;0,6683079;Valid;3,466278;Valid;2102202118333529
0,5185741;0,6220178;Valid;3,339951;Valid;0,5577148;0,6599281;Valid;3,458313;Valid;2102202118333531
0,5173603;0,62052;Valid;3,3414;Valid;0,5205991;0,6926489;Valid;3,480499;Valid;2102202118333532
0,5217965;0,6143329;Valid;3,35379;Valid;0,5359448;0,6807918;Valid;3,406326;Valid;2102202118333533
0,5326648;0,6118363;Valid;3,376556;Valid;0,5392643;0,7009939;Valid;3,475418;Valid;2102202118333534
0,5352424;0,6135587;Valid;3,395599;Valid;0,5392643;0,7009939;Valid;3,475418;Valid;2102202118333535
0,5329394;0,6177389;Valid;3,391846;Valid;0,5332431;0,6981112;Valid;3,511078;Valid;2102202118333536
0,5303202;0,6213654;Valid;3,370056;Valid;0,5332556;0,6919448;Valid;3,501343;Valid;2102202118333537
0,5296428;0,6164301;Valid;3,370911;Valid;0,5262748;0,6790131;Valid;3,476212;Valid;2102202118333538
0,5294843;0,6177204;Valid;3,375534;Valid;0,5211292;0,6783241;Valid;3,48613;Valid;2102202118333539
0,5288507;0,6172226;Valid;3,390121;Valid;0,5210243;0,6736536;Valid;3,501541;Valid;2102202118333541
0,5299515;0,6184912;Valid;3,396057;Valid;0,5219018;0,6712365;Valid;3,512177;Valid;2102202118333542
0,4835278;0,6019935;Valid;3,392624;Valid;0,5280166;0,6652947;Valid;3,482864;Valid;2102202118333543
0,3992115;0,5803878;Valid;3,391632;Valid;0,5180398;0,6532729;Valid;3,464127;Valid;2102202118333544
0,3171781;0,5547481;Valid;3,443451;Valid;0,1309373;0,5122064;Valid;3,534531;Valid;2102202118333545
0,2835047;0,5528985;Valid;3,483459;Valid;0,1309373;0,5122064;Valid;3,534531;Valid;2102202118333546
0,1010902;0,478777;Valid;3,630859;Valid;0,1309373;0,5122064;Valid;3,534531;Valid;2102202118333547
0,04986508;0,4618277;Valid;3,49913;Valid;0,04199407;0,5132107;Valid;3,597778;Valid;2102202118333548
0,04986508;0,4618277;Valid;3,49913;Valid;0,04199407;0,5132107;Valid;3,597778;Valid;2102202118333549
0,01737634;0,4510779;Valid;3,415573;Valid;0,03136271;0,5150393;Valid;3,643555;Valid;2102202118333550
0,01333297;0,4281742;Valid;3,438461;Valid;0,008453423;0,5189795;Valid;3,742188;Valid;2102202118333551
0,01333297;0,4281742;Valid;3,438461;Valid;0,008453423;0,5189795;Valid;3,742188;Valid;2102202118333553
0,01333297;0,4281742;Valid;3,438461;Valid;0,01522736;0,4985367;Valid;3,72554;Valid;2102202118333554
NaN;NaN;Invalid;NaN;Invalid;0,01522736;0,4985367;Valid;3,72554;Valid;2102202118333555
NaN;NaN;Invalid;NaN;Invalid;0,01522736;0,4985367;Valid;3,72554;Valid;2102202118333556
NaN;NaN;Invalid;NaN;Invalid;NaN;NaN;Invalid;NaN;Invalid;2102202118333557
NaN;NaN;Invalid;NaN;Invalid;NaN;NaN;Invalid;NaN;Invalid;2102202118333558
NaN;NaN;Invalid;NaN;Invalid;NaN;NaN;Invalid;NaN;Invalid;2102202118333559
NaN;NaN;Invalid;NaN;Invalid;NaN;NaN;Invalid;NaN;Invalid;2102202118333560
NaN;NaN;Invalid;NaN;Invalid;NaN;NaN;Invalid;NaN;Invalid;2102202118333561
NaN;NaN;Invalid;NaN;Invalid;NaN;NaN;Invalid;NaN;Invalid;2102202118333563
NaN;NaN;Invalid;NaN;Invalid;NaN;NaN;Invalid;NaN;Invalid;2102202118333564
NaN;NaN;Invalid;NaN;Invalid;NaN;NaN;Invalid;NaN;Invalid;2102202118333565
NaN;NaN;Invalid;NaN;Invalid;NaN;NaN;Invalid;NaN;Invalid;2102202118333566
NaN;NaN;Invalid;NaN;Invalid;NaN;NaN;Invalid;NaN;Invalid;2102202118333567
NaN;NaN;Invalid;NaN;Invalid;NaN;NaN;Invalid;NaN;Invalid;2102202118333568
NaN;NaN;Invalid;NaN;Invalid;NaN;NaN;Invalid;NaN;Invalid;2102202118333569
NaN;NaN;Invalid;NaN;Invalid;NaN;NaN;Invalid;NaN;Invalid;2102202118333570
NaN;NaN;Invalid;NaN;Invalid;NaN;NaN;Invalid;NaN;Invalid;2102202118333571
NaN;NaN;Invalid;NaN;Invalid;NaN;NaN;Invalid;NaN;Invalid;2102202118333573
NaN;NaN;Invalid;NaN;Invalid;NaN;NaN;Invalid;NaN;Invalid;2102202118333574
NaN;NaN;Invalid;NaN;Invalid;NaN;NaN;Invalid;NaN;Invalid;2102202118333575
NaN;NaN;Invalid;NaN;Invalid;NaN;NaN;Invalid;NaN;Invalid;2102202118333576
NaN;NaN;Invalid;NaN;Invalid;NaN;NaN;Invalid;NaN;Invalid;2102202118333577
NaN;NaN;Invalid;NaN;Invalid;NaN;NaN;Invalid;NaN;Invalid;2102202118333578
NaN;NaN;Invalid;NaN;Invalid;NaN;NaN;Invalid;NaN;Invalid;2102202118333579
NaN;NaN;Invalid;NaN;Invalid;NaN;NaN;Invalid;NaN;Invalid;2102202118333580
NaN;NaN;Invalid;NaN;Invalid;NaN;NaN;Invalid;NaN;Invalid;2102202118333581
NaN;NaN;Invalid;NaN;Invalid;NaN;NaN;Invalid;NaN;Invalid;2102202118333583
NaN;NaN;Invalid;NaN;Invalid;NaN;NaN;Invalid;NaN;Invalid;2102202118333584
NaN;NaN;Invalid;NaN;Invalid;NaN;NaN;Invalid;NaN;Invalid;2102202118333585
NaN;NaN;Invalid;NaN;Invalid;NaN;NaN;Invalid;NaN;Invalid;2102202118333586
NaN;NaN;Invalid;NaN;Invalid;NaN;NaN;Invalid;NaN;Invalid;2102202118333587
NaN;NaN;Invalid;NaN;Invalid;NaN;NaN;Invalid;NaN;Invalid;2102202118333588
NaN;NaN;Invalid;NaN;Invalid;NaN;NaN;Invalid;NaN;Invalid;2102202118333589
NaN;NaN;Invalid;NaN;Invalid;NaN;NaN;Invalid;NaN;Invalid;2102202118333590
0,7225342;0,8848255;Valid;4,166229;Valid;0,7924188;0,8640357;Valid;4,26004;Valid;2102202118333592
0,7225342;0,8848255;Valid;4,166229;Valid;0,7924188;0,8640357;Valid;4,26004;Valid;2102202118333593
0,7225342;0,8848255;Valid;4,166229;Valid;0,8473728;0,8563663;Valid;4,347137;Valid;2102202118333594
0,7348662;0,8247305;Valid;4,217041;Valid;0,8745641;0,8040382;Valid;4,333984;Valid;2102202118333595
0,7348662;0,8247305;Valid;4,217041;Valid;0,8745641;0,8040382;Valid;4,333984;Valid;2102202118333596
0,7348662;0,8247305;Valid;4,217041;Valid;0,8927417;0,8155615;Valid;4,36969;Valid;2102202118333597
NaN;NaN;Invalid;NaN;Invalid;0,9899837;0,8753497;Valid;4,592346;Valid;2102202118333598
0,6214659;0,8186585;Valid;4,441071;Valid;0,9899837;0,8753497;Valid;4,592346;Valid;2102202118333599
0,6214659;0,8186585;Valid;4,441071;Valid;0,9985741;0,8867068;Valid;4,597565;Valid;2102202118333600
0,6214659;0,8186585;Valid;4,441071;Valid;0,9985741;0,8867068;Valid;4,597565;Valid;2102202118333601
0,5848752;0,8468106;Valid;4,480835;Valid;0,9985741;0,8867068;Valid;4,597565;Valid;2102202118333603
0,5848752;0,8468106;Valid;4,480835;Valid;1,019361;0,8747681;Valid;4,696365;Valid;2102202118333604
0,5848752;0,8468106;Valid;4,480835;Valid;0,8912489;0,8671127;Valid;4,626907;Valid;2102202118333605
0,6261769;0,8296427;Valid;4,585663;Valid;0,8912489;0,8671127;Valid;4,626907;Valid;2102202118333606
0,6261769;0,8296427;Valid;4,585663;Valid;0,8906356;0,8735272;Valid;4,669769;Valid;2102202118333607
0,7089485;0,829125;Valid;4,517334;Valid;0,8866581;0,8793121;Valid;4,715485;Valid;2102202118333608
0,6990698;0,8453408;Valid;4,507996;Valid;0,804736;0,8927481;Valid;4,695663;Valid;2102202118333609
0,7684146;0,847181;Valid;4,539001;Valid;0,7401184;0,8920835;Valid;4,655106;Valid;2102202118333610
0,7637674;0,851725;Valid;4,505371;Valid;0,603492;0,9257542;Valid;4,646942;Valid;2102202118333612
0,7725294;0,8543255;Valid;4,474167;Valid;0,5749431;0,8627201;Valid;4,731964;Valid;2102202118333613
0,7704215;0,8553199;Valid;4,41188;Valid;0,5749431;0,8627201;Valid;4,731964;Valid;2102202118333614
0,7674329;0,8558266;Valid;4,362396;Valid;0,5749431;0,8627201;Valid;4,731964;Valid;2102202118333615
0,7675416;0,847459;Valid;4,317581;Valid;0,6264933;0,9641539;Valid;4,396713;Valid;2102202118333616
0,7553379;0,8493569;Valid;4,275467;Valid;0,6264933;0,9641539;Valid;4,396713;Valid;2102202118333617
0,7492419;0,8548644;Valid;4,231918;Valid;0,7221733;0,9139857;Valid;4,355118;Valid;2102202118333618
0,7546763;0,8639744;Valid;4,211685;Valid;0,7126859;0,9116739;Valid;4,302185;Valid;2102202118333619
0,7378799;0,8647752;Valid;4,214462;Valid;0,7126859;0,9116739;Valid;4,302185;Valid;2102202118333620
0,7347964;0,8694297;Valid;4,180603;Valid;0,7021194;0,916863;Valid;4,247833;Valid;2102202118333622
0,7403735;0,8732656;Valid;4,154419;Valid;0,7156942;0,9245323;Valid;4,229965;Valid;2102202118333623
0,7439766;0,8828249;Valid;4,106171;Valid;0,7156942;0,9245323;Valid;4,229965;Valid;2102202118333624
0,7442247;0,8898901;Valid;4,082764;Valid;0,7104012;0,924794;Valid;4,190674;Valid;2102202118333625
0,7466489;0,8861526;Valid;4,075806;Valid;0,7029777;0,9305536;Valid;4,179657;Valid;2102202118333626
0,737055;0,8855435;Valid;4,065033;Valid;0,7029777;0,9305536;Valid;4,179657;Valid;2102202118333627
0,7343251;0,8807037;Valid;4,050751;Valid;0,6947985;0,9336443;Valid;4,142639;Valid;2102202118333628
0,7360973;0,877822;Valid;4,050797;Valid;0,7082784;0,9233164;Valid;4,150925;Valid;2102202118333629
0,7378814;0,8813841;Valid;4,036285;Valid;0,7082784;0,9233164;Valid;4,150925;Valid;2102202118333631
0,7382662;0,884876;Valid;4,030334;Valid;0,7043989;0,9215486;Valid;4,119156;Valid;2102202118333632
0,7399085;0,8948041;Valid;4,013489;Valid;0,700895;0,9167455;Valid;4,10498;Valid;2102202118333633
0,7432308;0,8904487;Valid;4,015961;Valid;0,700895;0,9167455;Valid;4,10498;Valid;2102202118333634
0,7437633;0,8910214;Valid;3,999069;Valid;0,697922;0,9161501;Valid;4,081039;Valid;2102202118333635
0,7445076;0,8852171;Valid;3,991379;Valid;0,7029918;0,9085742;Valid;4,077698;Valid;2102202118333636
0,7333587;0,8949254;Valid;3,968185;Valid;0,7121844;0,9035015;Valid;4,10228;Valid;2102202118333637
0,7330226;0,8925257;Valid;3,958817;Valid;0,7068244;0,9028335;Valid;4,086823;Valid;2102202118333638
0,7353135;0,8925169;Valid;3,954453;Valid;0,709493;0,9001706;Valid;4,099564;Valid;2102202118333639
0,731842;0,8896271;Valid;3,943069;Valid;0,7122816;0,9041407;Valid;4,084442;Valid;2102202118333640
0,7298038;0,8922102;Valid;3,93573;Valid;0,7078772;0,9117231;Valid;4,069687;Valid;2102202118333641
0,7278634;0,899003;Valid;3,93689;Valid;0,7051182;0,9224933;Valid;4,036301;Valid;2102202118333643
0,7301845;0,8969899;Valid;3,927536;Valid;0,7018096;0,9267433;Valid;4,021713;Valid;2102202118333644
0,7294843;0,8971024;Valid;3,917786;Valid;0,7008036;0,9204698;Valid;4,010086;Valid;2102202118333645
0,7355194;0,8922991;Valid;3,911499;Valid;0,7024736;0,9171817;Valid;4,021591;Valid;2102202118333646
0,7309933;0,8990713;Valid;3,89209;Valid;0,6986345;0,9159302;Valid;4,027176;Valid;2102202118333647
0,7274801;0,9003572;Valid;3,889816;Valid;0,6962015;0,9223243;Valid;4,017883;Valid;2102202118333648
0,7250234;0,8995494;Valid;3,876938;Valid;0,7019704;0,9241019;Valid;4,030426;Valid;2102202118333649
0,721201;0,8956786;Valid;3,900787;Valid;0,7038514;0,9283361;Valid;4,018707;Valid;2102202118333650
0,7210723;0,8943277;Valid;3,899704;Valid;0,7017913;0,9320508;Valid;4,015564;Valid;2102202118333652
0,7236195;0,9013799;Valid;3,914032;Valid;0,699447;0,9170166;Valid;4,025986;Valid;2102202118333653
0,7231305;0,8985583;Valid;3,893326;Valid;0,6967866;0,9159867;Valid;4,028198;Valid;2102202118333654
0,7232458;0,9036092;Valid;3,887741;Valid;0,6948799;0,9067901;Valid;4,022354;Valid;2102202118333655
0,7264494;0,9087222;Valid;3,90744;Valid;0,6928015;0,9141539;Valid;3,997101;Valid;2102202118333656
0,724047;0,9096121;Valid;3,909912;Valid;0,6932452;0,9110941;Valid;3,995682;Valid;2102202118333657
0,7247756;0,9066887;Valid;3,909943;Valid;0,6920555;0,917739;Valid;3,994781;Valid;2102202118333658
0,7225794;0,9007119;Valid;3,87944;Valid;0,695691;0,9116535;Valid;3,999359;Valid;2102202118333659
0,7205027;0,9069774;Valid;3,875092;Valid;0,6956089;0,9155285;Valid;4,011353;Valid;2102202118333660
0,7183803;0,9089602;Valid;3,872543;Valid;0,6952923;0,9097315;Valid;4,009964;Valid;2102202118333662
0,7144846;0,8994994;Valid;3,872482;Valid;0,6989591;0,9131464;Valid;3,997849;Valid;2102202118333663
0,7145095;0,8914358;Valid;3,886414;Valid;0,6955801;0,9125117;Valid;3,977295;Valid;2102202118333664
0,7130886;0,890824;Valid;3,887161;Valid;0,692315;0,9199076;Valid;3,971237;Valid;2102202118333665
0,713892;0,8951064;Valid;3,876877;Valid;0,6847244;0,9149793;Valid;3,9897;Valid;2102202118333666
0,7124066;0,9021676;Valid;3,858505;Valid;0,6839961;0,9096385;Valid;3,994873;Valid;2102202118333667
0,7125611;0,9042354;Valid;3,85347;Valid;0,6833244;0,9034495;Valid;3,987656;Valid;2102202118333668
0,7149272;0,9064009;Valid;3,867447;Valid;0,6902412;0,9044707;Valid;3,96904;Valid;2102202118333669
0,7100254;0,9069463;Valid;3,865601;Valid;0,6852714;0,9144257;Valid;3,971329;Valid;2102202118333670
0,7105204;0,9054176;Valid;3,862442;Valid;0,682973;0,9174069;Valid;3,966278;Valid;2102202118333672
0,7077038;0,9074112;Valid;3,844894;Valid;0,682973;0,9174069;Valid;3,966278;Valid;2102202118333673
0,7066911;0,9106852;Valid;3,843903;Valid;0,6869651;0,9111851;Valid;3,952286;Valid;2102202118333674
0,7056283;0,9135199;Valid;3,838928;Valid;0,6857088;0,9099196;Valid;3,944885;Valid;2102202118333675
0,7048119;0,908963;Valid;3,845078;Valid;0,6861501;0,9041033;Valid;3,976639;Valid;2102202118333676
0,7025322;0,9041732;Valid;3,830994;Valid;0,6833452;0,9058654;Valid;3,981232;Valid;2102202118333677
0,6999421;0,9049208;Valid;3,825867;Valid;0,6839895;0,9039271;Valid;3,973526;Valid;2102202118333678
0,7032672;0,9057199;Valid;3,819855;Valid;0,6816456;0,9178314;Valid;3,937454;Valid;2102202118333679
0,7026112;0,9070562;Valid;3,827545;Valid;0,6820126;0,9182521;Valid;3,925308;Valid;2102202118333680
0,7032683;0,9058413;Valid;3,821655;Valid;0,6808518;0,9227112;Valid;3,921097;Valid;2102202118333681
0,7010556;0,9037076;Valid;3,822479;Valid;0,6812707;0,9245359;Valid;3,919739;Valid;2102202118333683
0,6966761;0,9009585;Valid;3,825302;Valid;0,6770994;0,920745;Valid;3,937805;Valid;2102202118333684
0,6969649;0,9011533;Valid;3,822342;Valid;0,677079;0,921211;Valid;3,933502;Valid;2102202118333685
0,6978509;0,9030892;Valid;3,81897;Valid;0,6766555;0,9174943;Valid;3,938187;Valid;2102202118333686
0,702026;0,9049553;Valid;3,810181;Valid;0,6742557;0,9145077;Valid;3,946136;Valid;2102202118333687
0,6993963;0,9063323;Valid;3,806854;Valid;0,6739326;0,9118548;Valid;3,941925;Valid;2102202118333688
0,700177;0,9048993;Valid;3,802612;Valid;0,6772325;0,9158741;Valid;3,941727;Valid;2102202118333689
0,6985551;0,9009462;Valid;3,800156;Valid;0,6801917;0,9183242;Valid;3,920685;Valid;2102202118333690
0,7005412;0,9023831;Valid;3,794907;Valid;0,6789911;0,9215009;Valid;3,923187;Valid;2102202118333691
0,7011345;0,9075388;Valid;3,806488;Valid;0,6780155;0,92199;Valid;3,936798;Valid;2102202118333693
0,7039838;0,9135677;Valid;3,811813;Valid;0,67944;0,9310846;Valid;3,925827;Valid;2102202118333694
0,7029208;0,9103375;Valid;3,81572;Valid;0,6814994;0,9288361;Valid;3,925064;Valid;2102202118333695
0,7017933;0,9071318;Valid;3,812561;Valid;0,6800195;0,9229972;Valid;3,912354;Valid;2102202118333696
0,6911492;0,8979812;Valid;3,827103;Valid;0,6761054;0,9146789;Valid;3,936646;Valid;2102202118333697
0,6932063;0,8997792;Valid;3,82225;Valid;0,6731457;0,9207697;Valid;3,935806;Valid;2102202118333698
0,6968758;0,8997344;Valid;3,824615;Valid;0,6738245;0,9202121;Valid;3,930405;Valid;2102202118333699
0,6971495;0,9050741;Valid;3,812012;Valid;0,6729688;0,9186321;Valid;3,934402;Valid;2102202118333700
0,6966964;0,907908;Valid;3,80838;Valid;0,6728742;0,9133312;Valid;3,935486;Valid;2102202118333701
0,6941503;0,9078711;Valid;3,810562;Valid;0,6694239;0,9192729;Valid;3,924088;Valid;2102202118333703
0,7003044;0,9114348;Valid;3,796173;Valid;0,6747576;0,9213623;Valid;3,899445;Valid;2102202118333704
0,6991348;0,9112464;Valid;3,796204;Valid;0,6737897;0,9237271;Valid;3,903671;Valid;2102202118333705
0,699966;0,9163231;Valid;3,783356;Valid;0,6739956;0,9258519;Valid;3,893219;Valid;2102202118333706
0,6777996;0,8930009;Valid;3,803726;Valid;0,6628168;0,91198;Valid;3,915497;Valid;2102202118333707
0,6670331;0,8817919;Valid;3,852264;Valid;0,6077162;0,8013275;Valid;3,919174;Valid;2102202118333708
0,5806924;0,7266129;Valid;3,843063;Valid;0,5924072;0,7587208;Valid;3,945892;Valid;2102202118333709
0,4713963;0,5004054;Valid;3,804016;Valid;0,5475419;0,6666671;Valid;3,932556;Valid;2102202118333710
0,444492;0,4706713;Valid;3,775223;Valid;0,4257698;0,4599338;Valid;3,926178;Valid;2102202118333712
0,426996;0,4426031;Valid;3,773697;Valid;0,4084109;0,4605238;Valid;3,884903;Valid;2102202118333713
0,4078999;0,4299025;Valid;3,792953;Valid;0,3952267;0,4522758;Valid;3,895294;Valid;2102202118333714
0,4068352;0,4283485;Valid;3,791641;Valid;0,3854614;0,4459311;Valid;3,894943;Valid;2102202118333715
0,4073665;0,4307733;Valid;3,793182;Valid;0,3938701;0,4469052;Valid;3,951889;Valid;2102202118333716
0,4043188;0,4336385;Valid;3,801727;Valid;0,3879459;0,4444349;Valid;3,980042;Valid;2102202118333717
0,4045435;0,4311224;Valid;3,802826;Valid;0,3871387;0,4425473;Valid;3,97673;Valid;2102202118333718
0,405818;0,430537;Valid;3,817642;Valid;0,3900664;0,4357697;Valid;3,987396;Valid;2102202118333719
0,4128073;0,4324701;Valid;3,78093;Valid;0,3960855;0,44326;Valid;3,955597;Valid;2102202118333720
0,4119529;0,4355502;Valid;3,779526;Valid;0,3988932;0,4421557;Valid;3,938766;Valid;2102202118333722
0,4116971;0,4348379;Valid;3,7677;Valid;0,4017034;0,449929;Valid;3,958923;Valid;2102202118333723
0,4127932;0,4254418;Valid;3,759888;Valid;0,3924007;0,446081;Valid;3,990982;Valid;2102202118333724
0,4131111;0,4244591;Valid;3,761856;Valid;0,3929439;0,4429382;Valid;3,989471;Valid;2102202118333725
0,4096617;0,4244821;Valid;3,763077;Valid;0,3868163;0,4360211;Valid;3,956482;Valid;2102202118333726
0,4070054;0,4250342;Valid;3,767258;Valid;0,3932289;0,4330586;Valid;3,930756;Valid;2102202118333727
0,4040617;0,420857;Valid;3,769501;Valid;0,3915945;0,4372914;Valid;3,935165;Valid;2102202118333728
0,4082668;0,4291303;Valid;3,777267;Valid;0,3966976;0,4412823;Valid;3,953003;Valid;2102202118333729
0,4082668;0,4291303;Valid;3,777267;Valid;0,3966752;0,4324512;Valid;3,973587;Valid;2102202118333730
0,4103126;0,4317725;Valid;3,776886;Valid;0,3962716;0,4297956;Valid;3,978012;Valid;2102202118333732
0,4114195;0,433099;Valid;3,759979;Valid;0,3974157;0,4296134;Valid;3,985611;Valid;2102202118333733
0,4114195;0,433099;Valid;3,759979;Valid;0,3978442;0,4398485;Valid;3,964447;Valid;2102202118333734
0,4121251;0,4339217;Valid;3,757599;Valid;0,400736;0,4282185;Valid;3,969467;Valid;2102202118333735
0,414029;0,4252669;Valid;3,777679;Valid;0,3996312;0,4268553;Valid;3,95253;Valid;2102202118333736
0,414029;0,4252669;Valid;3,777679;Valid;0,396432;0,4257222;Valid;3,953369;Valid;2102202118333737
0,4122317;0,4310561;Valid;3,775803;Valid;0,4050624;0,4160011;Valid;3,949463;Valid;2102202118333738
0,4086925;0,4365071;Valid;3,772964;Valid;0,4035721;0,4137536;Valid;3,941025;Valid;2102202118333739
0,4069872;0,4146603;Valid;3,794403;Valid;0,4068465;0,4106702;Valid;3,926514;Valid;2102202118333740
0,4075034;0,4127161;Valid;3,791016;Valid;0,3979674;0,4225779;Valid;3,917175;Valid;2102202118333742
0,4052632;0,411772;Valid;3,774231;Valid;0,3962283;0,4223829;Valid;3,926559;Valid;2102202118333743
0,4079949;0,4326661;Valid;3,740021;Valid;0,3980351;0,4291567;Valid;3,921478;Valid;2102202118333744
0,4095917;0,4329142;Valid;3,728012;Valid;0,3972284;0,4305424;Valid;3,910339;Valid;2102202118333745
0,4127365;0,4380789;Valid;3,732574;Valid;0,4005384;0,4437933;Valid;3,904907;Valid;2102202118333746
0,4101937;0,440447;Valid;3,747955;Valid;0,4005207;0,4434592;Valid;3,905258;Valid;2102202118333747
0,4091;0,4433608;Valid;3,744308;Valid;0,3942474;0,4515885;Valid;3,894318;Valid;2102202118333748
0,4050981;0,4391706;Valid;3,746765;Valid;0,3930693;0,451016;Valid;3,888962;Valid;2102202118333749
0,4063474;0,4406248;Valid;3,742676;Valid;0,3903114;0,4529841;Valid;3,894379;Valid;2102202118333750
0,4057882;0,4415444;Valid;3,739456;Valid;0,3896081;0,4578775;Valid;3,891983;Valid;2102202118333751
0,4081353;0,4418711;Valid;3,735413;Valid;0,3923288;0,4537181;Valid;3,898804;Valid;2102202118333753
0,3844966;0,4391461;Valid;3,784546;Valid;0,3818567;0,4415011;Valid;3,894775;Valid;2102202118333754
0,3683953;0,4398852;Valid;3,870926;Valid;0,29824;0,4170043;Valid;3,911392;Valid;2102202118333755
0,3264847;0,4368144;Valid;3,937805;Valid;0,2368197;0,3886981;Valid;3,902481;Valid;2102202118333756
0,2139432;0,3740522;Valid;3,812683;Valid;0,2145707;0,3819048;Valid;3,900055;Valid;2102202118333757
0,2102012;0,3686264;Valid;3,7323;Valid;0,1915411;0,3765905;Valid;3,896683;Valid;2102202118333758
0,2146086;0,3725042;Valid;3,738953;Valid;0,1954951;0,3774;Valid;3,876556;Valid;2102202118333759
0,213462;0,3745067;Valid;3,721359;Valid;0,1866163;0,3747148;Valid;3,903503;Valid;2102202118333760
0,21534;0,3794398;Valid;3,716095;Valid;0,1859849;0,3759778;Valid;3,890244;Valid;2102202118333761
0,2120082;0,3793998;Valid;3,707016;Valid;0,184271;0,3815994;Valid;3,884171;Valid;2102202118333763
0,2114533;0,3739963;Valid;3,708145;Valid;0,192479;0,384921;Valid;3,852661;Valid;2102202118333764
0,2085247;0,3738015;Valid;3,704819;Valid;0,190884;0,3863311;Valid;3,85022;Valid;2102202118333765
0,2106028;0,3699422;Valid;3,705704;Valid;0,1896853;0,3835696;Valid;3,850662;Valid;2102202118333766
0,2117629;0,3742337;Valid;3,704987;Valid;0,1890487;0,3846629;Valid;3,844284;Valid;2102202118333767
0,2133035;0,3775333;Valid;3,700882;Valid;0,1908702;0,3811842;Valid;3,843658;Valid;2102202118333768
0,2142341;0,3805248;Valid;3,707443;Valid;0,1939795;0,3861319;Valid;3,858276;Valid;2102202118333769
0,2119985;0,382308;Valid;3,708969;Valid;0,1925989;0,3874625;Valid;3,868179;Valid;2102202118333770
0,2121381;0,3780229;Valid;3,706146;Valid;0,1912368;0,3868796;Valid;3,865005;Valid;2102202118333771
0,2093328;0,3788009;Valid;3,69194;Valid;0,1920509;0,385478;Valid;3,859741;Valid;2102202118333773
0,2092902;0,3787633;Valid;3,688492;Valid;0,1885724;0,3781641;Valid;3,868179;Valid;2102202118333774
0,2087665;0,3806173;Valid;3,690964;Valid;0,1874936;0,3742218;Valid;3,86467;Valid;2102202118333775
0,2096703;0,380159;Valid;3,692215;Valid;0,1840474;0,3659188;Valid;3,852005;Valid;2102202118333776
0,2370999;0,3580399;Valid;3,697433;Valid;0,1947394;0,373014;Valid;3,817078;Valid;2102202118333777
0,3319859;0,3115437;Valid;3,695679;Valid;0,3523944;0,3144715;Valid;3,805283;Valid;2102202118333778
0,4130763;0,2758863;Valid;3,699005;Valid;0,4809322;0,2847618;Valid;3,7957;Valid;2102202118333779
0,5304413;0,2709033;Valid;3,712265;Valid;0,515375;0,2832564;Valid;3,80307;Valid;2102202118333780
0,6559818;0,2587722;Valid;3,708282;Valid;0,6414066;0,2641567;Valid;3,768494;Valid;2102202118333781
0,6865323;0,2579427;Valid;3,702286;Valid;0,6736735;0,2648022;Valid;3,792709;Valid;2102202118333783
0,6923267;0,2417885;Valid;3,654404;Valid;0,6748228;0,2647992;Valid;3,811142;Valid;2102202118333784
0,6916355;0,2302055;Valid;3,658081;Valid;0,6798667;0,2645945;Valid;3,814896;Valid;2102202118333785
0,6940634;0,2146761;Valid;3,681793;Valid;0,681856;0,2532476;Valid;3,796738;Valid;2102202118333786
0,7013358;0,223548;Valid;3,721909;Valid;0,6801943;0,2471838;Valid;3,780151;Valid;2102202118333787
0,7087967;0,218279;Valid;3,7845;Valid;0,6805978;0,251896;Valid;3,768463;Valid;2102202118333788
0,7087583;0,2314723;Valid;3,746979;Valid;0,6779206;0,2516321;Valid;3,768921;Valid;2102202118333789
0,7055076;0,2354306;Valid;3,720825;Valid;0,6781792;0,253267;Valid;3,757889;Valid;2102202118333790
0,700191;0,2343126;Valid;3,674164;Valid;0,6792091;0,2509047;Valid;3,748032;Valid;2102202118333791
0,7020388;0,2372381;Valid;3,674423;Valid;0,6789825;0,2486184;Valid;3,731079;Valid;2102202118333793
0,6990939;0,2340201;Valid;3,658539;Valid;0,6802908;0,2503594;Valid;3,737686;Valid;2102202118333794
0,6996401;0,2365344;Valid;3,652374;Valid;0,6780971;0,2481615;Valid;3,728439;Valid;2102202118333795
0,6992583;0,2382779;Valid;3,650467;Valid;0,6788625;0,2510683;Valid;3,716537;Valid;2102202118333796
0,7039983;0,2465883;Valid;3,63591;Valid;0,6775043;0,2539817;Valid;3,727997;Valid;2102202118333797
0,7249795;0,2408706;Valid;3,628891;Valid;0,7011094;0,2627786;Valid;3,727859;Valid;2102202118333798
0,7305248;0,2395816;Valid;3,632034;Valid;0,7128873;0,2725458;Valid;3,744644;Valid;2102202118333799
0,7393627;0,23684;Valid;3,637054;Valid;0,7213198;0,2700621;Valid;3,716888;Valid;2102202118333800
0,7345402;0,2410434;Valid;3,634018;Valid;0,7159684;0,2677192;Valid;3,705215;Valid;2102202118333801
0,7361099;0,2391155;Valid;3,624756;Valid;0,7131126;0,27025;Valid;3,69754;Valid;2102202118333803
0,7387578;0,2403044;Valid;3,633591;Valid;0,7121646;0,269145;Valid;3,703445;Valid;2102202118333804
0,7373168;0,2392205;Valid;3,626694;Valid;0,7134794;0,2693128;Valid;3,695435;Valid;2102202118333805
0,7367615;0,2388239;Valid;3,62207;Valid;0,7136482;0,2618989;Valid;3,681763;Valid;2102202118333806
0,7333974;0,2426343;Valid;3,599594;Valid;0,7124898;0,2617692;Valid;3,669846;Valid;2102202118333807
0,7334222;0,2442066;Valid;3,593353;Valid;0,7118419;0,2631827;Valid;3,663116;Valid;2102202118333808
0,7330911;0,2430979;Valid;3,583435;Valid;0,7116592;0,2596524;Valid;3,669861;Valid;2102202118333809
0,7353295;0,2412066;Valid;3,585663;Valid;0,7111697;0,2567777;Valid;3,677719;Valid;2102202118333810
0,7353009;0,242871;Valid;3,574417;Valid;0,7113308;0,2570302;Valid;3,662903;Valid;2102202118333811
0,7363133;0,2447553;Valid;3,577118;Valid;0,7141716;0,2655439;Valid;3,659271;Valid;2102202118333813
0,7362348;0,2390677;Valid;3,576141;Valid;0,7158248;0,2701378;Valid;3,659637;Valid;2102202118333814
0,7369722;0,2405626;Valid;3,575592;Valid;0,7149269;0,2738134;Valid;3,650787;Valid;2102202118333815
0,7390299;0,2404865;Valid;3,574707;Valid;0,7148721;0,268467;Valid;3,638184;Valid;2102202118333816
0,7383584;0,2457013;Valid;3,570221;Valid;0,7122177;0,2681693;Valid;3,630371;Valid;2102202118333817
0,7389861;0,2436102;Valid;3,563828;Valid;0,7140955;0,2625784;Valid;3,628738;Valid;2102202118333818
0,7382157;0,2404212;Valid;3,56369;Valid;0,7119859;0,2533645;Valid;3,61232;Valid;2102202118333819
0,7363951;0,2348458;Valid;3,545273;Valid;0,7127876;0,2537003;Valid;3,609695;Valid;2102202118333820
0,7355639;0,2353941;Valid;3,542984;Valid;0,7117581;0,2563303;Valid;3,606079;Valid;2102202118333821
0,7331138;0,2362859;Valid;3,545807;Valid;0,7138094;0,279815;Valid;3,64093;Valid;2102202118333823
0,7312628;0,2332526;Valid;3,558075;Valid;0,7160586;0,2770098;Valid;3,636841;Valid;2102202118333824
0,7317055;0,2299118;Valid;3,556076;Valid;0,7174831;0,2765969;Valid;3,637024;Valid;2102202118333825
0,7341151;0,2323513;Valid;3,539703;Valid;0,7183732;0,2726671;Valid;3,658005;Valid;2102202118333826
0,7349587;0,2294183;Valid;3,51564;Valid;0,7182965;0,2725783;Valid;3,656433;Valid;2102202118333827
0,733761;0,2284469;Valid;3,515121;Valid;0,7185135;0,2724918;Valid;3,657242;Valid;2102202118333828
0,7326769;0,2270461;Valid;3,518631;Valid;0,7168856;0,271896;Valid;3,62262;Valid;2102202118333829
0,7348272;0,2234934;Valid;3,517197;Valid;0,7174957;0,2736002;Valid;3,620941;Valid;2102202118333830
0,7351202;0,2259622;Valid;3,51416;Valid;0,7163759;0,2716631;Valid;3,624054;Valid;2102202118333831
0,7339124;0,2241946;Valid;3,515274;Valid;0,7151854;0,2624845;Valid;3,615952;Valid;2102202118333833
0,730132;0,2229492;Valid;3,521973;Valid;0,7157273;0,2627732;Valid;3,620804;Valid;2102202118333834
0,7311384;0,2220732;Valid;3,527344;Valid;0,7167045;0,2626188;Valid;3,623779;Valid;2102202118333835
0,732834;0,2244914;Valid;3,530273;Valid;0,724126;0,2638463;Valid;3,625137;Valid;2102202118333836
0,7329426;0,2236883;Valid;3,53476;Valid;0,722661;0,2643724;Valid;3,63089;Valid;2102202118333837
0,7333356;0,2239278;Valid;3,532104;Valid;0,7231574;0,2640201;Valid;3,633377;Valid;2102202118333838
0,7311174;0,2235105;Valid;3,528702;Valid;0,7163129;0,2615797;Valid;3,625031;Valid;2102202118333839
0,7335134;0,2308082;Valid;3,532623;Valid;0,7174631;0,2627684;Valid;3,621017;Valid;2102202118333840
0,7319484;0,2276321;Valid;3,536377;Valid;0,7164237;0,2643046;Valid;3,614792;Valid;2102202118333841
0,7327896;0,225613;Valid;3,53421;Valid;0,7166578;0,261675;Valid;3,604156;Valid;2102202118333843
0,7304355;0,2213808;Valid;3,545761;Valid;0,718613;0,2595528;Valid;3,596588;Valid;2102202118333844
0,7317234;0,2208974;Valid;3,545471;Valid;0,7196873;0,2615612;Valid;3,604355;Valid;2102202118333845
0,7310517;0,2165782;Valid;3,55835;Valid;0,7191722;0,2576002;Valid;3,613815;Valid;2102202118333846
0,7335528;0,215195;Valid;3,553482;Valid;0,7176989;0,259387;Valid;3,618607;Valid;2102202118333847
0,7299006;0,2587167;Valid;3,550873;Valid;0,7127433;0,3154787;Valid;3,61702;Valid;2102202118333848
0,7225537;0,3404465;Valid;3,549774;Valid;0,7051259;0,392925;Valid;3,634842;Valid;2102202118333849
0,7067296;0,5192175;Valid;3,554184;Valid;0,6950083;0,4751762;Valid;3,625641;Valid;2102202118333850
0,6975112;0,7099597;Valid;3,551086;Valid;0,6792939;0,7116213;Valid;3,626923;Valid;2102202118333851
0,7025552;0,754311;Valid;3,557831;Valid;0,680894;0,7875217;Valid;3,629379;Valid;2102202118333853
0,7023206;0,7791336;Valid;3,544632;Valid;0,685368;0,8065126;Valid;3,630859;Valid;2102202118333854
0,6953142;0,7831318;Valid;3,541794;Valid;0,6811713;0,8139699;Valid;3,627487;Valid;2102202118333855
0,6939353;0,78422;Valid;3,541901;Valid;0,684145;0,8164336;Valid;3,640259;Valid;2102202118333856
0,6944667;0,7838466;Valid;3,536942;Valid;0,6796536;0,8188495;Valid;3,65567;Valid;2102202118333857
0,6947911;0,7842092;Valid;3,536377;Valid;0,6815529;0,8201829;Valid;3,652664;Valid;2102202118333858
0,69449;0,7854015;Valid;3,536392;Valid;0,6813717;0,8220733;Valid;3,647293;Valid;2102202118333859
0,6964857;0,7933941;Valid;3,540421;Valid;0,687185;0,8231062;Valid;3,634613;Valid;2102202118333860
0,6971422;0,794527;Valid;3,545822;Valid;0,6866911;0,8258898;Valid;3,638565;Valid;2102202118333861
0,6996592;0,7956803;Valid;3,54834;Valid;0,6867485;0,8242869;Valid;3,638718;Valid;2102202118333863
0,6992032;0,788886;Valid;3,556137;Valid;0,6825473;0,8257158;Valid;3,642334;Valid;2102202118333864
0,7001589;0,7926567;Valid;3,549301;Valid;0,6840364;0,8254777;Valid;3,637421;Valid;2102202118333865
0,6935235;0,788121;Valid;3,544495;Valid;0,6821951;0,8213769;Valid;3,615585;Valid;2102202118333866
0,6936489;0,7968087;Valid;3,537537;Valid;0,6847289;0,8184932;Valid;3,608215;Valid;2102202118333867
0,6934641;0,7957871;Valid;3,537048;Valid;0,6836477;0,8202237;Valid;3,608932;Valid;2102202118333868
0,6950166;0,8034293;Valid;3,52475;Valid;0,6762962;0,825093;Valid;3,584915;Valid;2102202118333869
0,6954952;0,8044079;Valid;3,525528;Valid;0,6758023;0,8272985;Valid;3,578842;Valid;2102202118333870
0,6951691;0,8045635;Valid;3,518921;Valid;0,6748471;0,8301605;Valid;3,570404;Valid;2102202118333871
0,6961719;0,8067042;Valid;3,51738;Valid;0,6736808;0,8311189;Valid;3,560318;Valid;2102202118333873
0,6967107;0,8080326;Valid;3,517471;Valid;0,6716948;0,8328644;Valid;3,56514;Valid;2102202118333874
0,6941919;0,8072487;Valid;3,510849;Valid;0,6734428;0,8353157;Valid;3,56282;Valid;2102202118333875
0,6921422;0,8085633;Valid;3,5065;Valid;0,6706885;0,8340116;Valid;3,553986;Valid;2102202118333876
0,6977288;0,8303586;Valid;3,50798;Valid;0,6794159;0,8449079;Valid;3,560226;Valid;2102202118333877
0,7146726;0,8879183;Valid;3,504105;Valid;0,6980631;0,9151873;Valid;3,550308;Valid;2102202118333878
0,7219071;0,899674;Valid;3,50592;Valid;0,7126781;0,9342766;Valid;3,603943;Valid;2102202118333879
0,720327;0,8931518;Valid;3,505692;Valid;0,7120495;0,9400616;Valid;3,600601;Valid;2102202118333880
0,7168165;0,8774591;Valid;3,503571;Valid;0,7092571;0,9257978;Valid;3,59758;Valid;2102202118333881
0,7180726;0,8826104;Valid;3,506989;Valid;0,6947449;0,928555;Valid;3,533508;Valid;2102202118333883
0,7194533;0,8839357;Valid;3,471115;Valid;0,6966377;0,9340962;Valid;3,540115;Valid;2102202118333884
0,7204116;0,8893965;Valid;3,459671;Valid;0,6967497;0,9298422;Valid;3,547745;Valid;2102202118333885
0,7217757;0,885196;Valid;3,454559;Valid;0,6988197;0,9259126;Valid;3,542313;Valid;2102202118333886
0,7217757;0,885196;Valid;3,454559;Valid;0,6934697;0,9194624;Valid;3,512054;Valid;2102202118333887
0,7210532;0,8841157;Valid;3,460663;Valid;0,6943496;0,920314;Valid;3,508041;Valid;2102202118333888
0,7182401;0,894334;Valid;3,461349;Valid;0,7012853;0,9208435;Valid;3,555862;Valid;2102202118333889
0,7182401;0,894334;Valid;3,461349;Valid;0,7068583;0,9216209;Valid;3,569016;Valid;2102202118333890
0,7168351;0,8943606;Valid;3,467834;Valid;0,7066684;0,9254211;Valid;3,58226;Valid;2102202118333891
0,7181184;0,887373;Valid;3,469238;Valid;0,705627;0,915178;Valid;3,57312;Valid;2102202118333893
0,7181184;0,887373;Valid;3,469238;Valid;0,7046065;0,9145631;Valid;3,580643;Valid;2102202118333894
0,7173715;0,8824055;Valid;3,477432;Valid;0,7045079;0,9172276;Valid;3,586868;Valid;2102202118333895
0,7227676;0,879728;Valid;3,504013;Valid;0,7003356;0,9224204;Valid;3,582123;Valid;2102202118333896
0,7227676;0,879728;Valid;3,504013;Valid;0,701135;0,9308118;Valid;3,609039;Valid;2102202118333897
0,7250654;0,8795539;Valid;3,517166;Valid;0,7026951;0,9246426;Valid;3,625076;Valid;2102202118333898
0,7207119;0,8855312;Valid;3,500977;Valid;0,7046432;0,9242699;Valid;3,631104;Valid;2102202118333899
0,7220966;0,8894663;Valid;3,522446;Valid;0,7015274;0,9197974;Valid;3,6035;Valid;2102202118333900
0,7239652;0,8894906;Valid;3,533142;Valid;0,7035147;0,9247848;Valid;3,614258;Valid;2102202118333901
0,7250519;0,8890958;Valid;3,551559;Valid;0,7037959;0,9289265;Valid;3,624084;Valid;2102202118333903
0,726261;0,8933616;Valid;3,571396;Valid;0,7048945;0,9266681;Valid;3,633057;Valid;2102202118333904
0,7253704;0,8948323;Valid;3,576462;Valid;0,7054228;0,9272854;Valid;3,638977;Valid;2102202118333905
0,7232224;0,8910905;Valid;3,575714;Valid;0,7029246;0,9306372;Valid;3,624725;Valid;2102202118333906
0,7209267;0,8872811;Valid;3,590744;Valid;0,7023758;0,9301234;Valid;3,628235;Valid;2102202118333907
0,7208079;0,8875538;Valid;3,601151;Valid;0,7018887;0,9326697;Valid;3,642059;Valid;2102202118333908
0,7208938;0,8956095;Valid;3,605499;Valid;0,7102058;0,9291459;Valid;3,670624;Valid;2102202118333909
0,7243809;0,8904869;Valid;3,596207;Valid;0,711391;0,9255716;Valid;3,680466;Valid;2102202118333910
0,7249238;0,8854761;Valid;3,603989;Valid;0,7118756;0,924054;Valid;3,685593;Valid;2102202118333911
0,725289;0,8722728;Valid;3,604294;Valid;0,7120821;0,9196023;Valid;3,700333;Valid;2102202118333912
0,7283817;0,8778487;Valid;3,619125;Valid;0,7117065;0,9212841;Valid;3,706284;Valid;2102202118333914
0,7279955;0,8785937;Valid;3,624344;Valid;0,7115092;0,9176897;Valid;3,712997;Valid;2102202118333915
0,729483;0,8871753;Valid;3,621521;Valid;0,7078686;0,9205102;Valid;3,696976;Valid;2102202118333916
0,7266141;0,8897382;Valid;3,616882;Valid;0,7086626;0,9236202;Valid;3,683487;Valid;2102202118333917
0,7289608;0,8944418;Valid;3,623016;Valid;0,7072772;0,9274824;Valid;3,68924;Valid;2102202118333918
0,7290148;0,8942907;Valid;3,626114;Valid;0,7102559;0,9260691;Valid;3,692596;Valid;2102202118333919
0,7309282;0,8755534;Valid;3,628662;Valid;0,7189816;0,908784;Valid;3,703674;Valid;2102202118333920
0,7244105;0,7973606;Valid;3,642929;Valid;0,7220246;0,7929403;Valid;3,705048;Valid;2102202118333921
0,705588;0,7300382;Valid;3,653;Valid;0,7087572;0,7520589;Valid;3,732574;Valid;2102202118333923
0,6633102;0,581538;Valid;3,653809;Valid;0,6814759;0,6814709;Valid;3,728424;Valid;2102202118333924
0,6107243;0,4139258;Valid;3,656372;Valid;0,6418709;0,5608673;Valid;3,797455;Valid;2102202118333925
0,5939083;0,3455739;Valid;3,647461;Valid;0,6093641;0,4811087;Valid;3,763748;Valid;2102202118333926
0,5902065;0,3059891;Valid;3,658386;Valid;0,5853777;0,3581773;Valid;3,769562;Valid;2102202118333927
0,5905184;0,2920949;Valid;3,659882;Valid;0,5735967;0,3602206;Valid;3,715881;Valid;2102202118333928
0,5914456;0,29648;Valid;3,669159;Valid;0,5753531;0,3631159;Valid;3,777512;Valid;2102202118333929
0,5883222;0,288018;Valid;3,658997;Valid;0,5728808;0,3615118;Valid;3,778778;Valid;2102202118333930
0,5878318;0,2895089;Valid;3,658936;Valid;0,5784755;0,3605984;Valid;3,778503;Valid;2102202118333931
0,5863224;0,2836875;Valid;3,653107;Valid;0,5812612;0,3673745;Valid;3,782486;Valid;2102202118333933
0,5866666;0,2831995;Valid;3,642715;Valid;0,5817899;0,3671709;Valid;3,788635;Valid;2102202118333934
0,5864069;0,2833989;Valid;3,647842;Valid;0,5803614;0,3676421;Valid;3,787521;Valid;2102202118333935
0,5845564;0,2834292;Valid;3,64711;Valid;0,582728;0,3660969;Valid;3,760223;Valid;2102202118333936
0,5860512;0,2943025;Valid;3,652878;Valid;0,5838317;0,3591492;Valid;3,759811;Valid;2102202118333937
0,5846993;0,2973339;Valid;3,652512;Valid;0,5826662;0,3631254;Valid;3,753662;Valid;2102202118333938
0,5850543;0,2982133;Valid;3,655762;Valid;0,5769838;0,3504595;Valid;3,746826;Valid;2102202118333939
0,5799537;0,3057451;Valid;3,675186;Valid;0,5742562;0,3597651;Valid;3,737808;Valid;2102202118333940
0,5792761;0,3039683;Valid;3,675217;Valid;0,5738866;0,3552745;Valid;3,739365;Valid;2102202118333941
0,5822901;0,3097704;Valid;3,675354;Valid;0,5782221;0,3699984;Valid;3,761734;Valid;2102202118333943
0,579448;0,2961601;Valid;3,645996;Valid;0,576405;0,3701481;Valid;3,75708;Valid;2102202118333944
0,5792835;0,2997896;Valid;3,631454;Valid;0,5762323;0,3694807;Valid;3,752899;Valid;2102202118333945
0,5719546;0,2895032;Valid;3,651443;Valid;0,5689742;0,3584461;Valid;3,721085;Valid;2102202118333946
0,5719546;0,2895032;Valid;3,651443;Valid;0,5471129;0,3415436;Valid;3,757446;Valid;2102202118333947
0,5637755;0,2738864;Valid;3,741577;Valid;0,4153176;0,3000029;Valid;3,766052;Valid;2102202118333948
0,2877246;0,2953715;Valid;3,643417;Valid;0,333709;0,287313;Valid;3,756729;Valid;2102202118333949
0,2877246;0,2953715;Valid;3,643417;Valid;0,3166738;0,292394;Valid;3,716675;Valid;2102202118333950
0,2925823;0,278671;Valid;3,590607;Valid;0,2832956;0,2965385;Valid;3,700394;Valid;2102202118333951
0,2948275;0,2733958;Valid;3,609146;Valid;0,2873719;0,2973276;Valid;3,713531;Valid;2102202118333952
0,2942023;0,2769106;Valid;3,63855;Valid;0,2828929;0,2987492;Valid;3,736633;Valid;2102202118333954
0,2915409;0,2756061;Valid;3,635956;Valid;0,2805726;0,2986377;Valid;3,737961;Valid;2102202118333955
0,2924282;0,2750826;Valid;3,614929;Valid;0,2801364;0,2942248;Valid;3,720917;Valid;2102202118333956
0,2855279;0,2702154;Valid;3,685486;Valid;0,2793351;0,2936155;Valid;3,718643;Valid;2102202118333957
0,2855941;0,2733379;Valid;3,667542;Valid;0,2767599;0,2935087;Valid;3,696198;Valid;2102202118333958
0,2830006;0,2778237;Valid;3,671417;Valid;0,2770182;0,2966391;Valid;3,698975;Valid;2102202118333959
0,2828155;0,2865098;Valid;3,617188;Valid;0,273019;0,2958826;Valid;3,702606;Valid;2102202118333960
0,2827995;0,2882079;Valid;3,608871;Valid;0,2737671;0,2956712;Valid;3,702621;Valid;2102202118333961
0,2835165;0,2816207;Valid;3,606918;Valid;0,2741471;0,2945471;Valid;3,694962;Valid;2102202118333962
0,2867849;0,2698557;Valid;3,548553;Valid;0,2822567;0,2920114;Valid;3,657303;Valid;2102202118333964
0,2961584;0,2620947;Valid;3,537521;Valid;0,2967999;0,290265;Valid;3,649292;Valid;2102202118333965
0,322088;0,239595;Valid;3,524979;Valid;0,3421496;0,2577456;Valid;3,652786;Valid;2102202118333966
0,4071988;0,1793189;Valid;3,509964;Valid;0,3898394;0,2286611;Valid;3,66217;Valid;2102202118333967
0,5479949;0,09393411;Valid;3,508621;Valid;0,5491807;0,134612;Valid;3,649643;Valid;2102202118333968
0,582907;0,07150767;Valid;3,505905;Valid;0,5971111;0,1022695;Valid;3,636246;Valid;2102202118333969
0,611054;0,06410362;Valid;3,516266;Valid;0,6079639;0,09422451;Valid;3,645523;Valid;2102202118333970
0,6093212;0,05633931;Valid;3,522018;Valid;0,602173;0,08733219;Valid;3,654877;Valid;2102202118333971
0,6098878;0,05294128;Valid;3,525452;Valid;0,6028374;0,08659807;Valid;3,653351;Valid;2102202118333972
0,6068991;0,06023914;Valid;3,513412;Valid;0,6021833;0,08628034;Valid;3,651794;Valid;2102202118333974
0,6079928;0,063678;Valid;3,510483;Valid;0,6002814;0,0861705;Valid;3,646149;Valid;2102202118333975
0,609547;0,07058387;Valid;3,505127;Valid;0,5985368;0,08632231;Valid;3,649902;Valid;2102202118333976
0,6101899;0,06629182;Valid;3,495239;Valid;0,5975631;0,08828402;Valid;3,643631;Valid;2102202118333977
0,6099886;0,06429226;Valid;3,489212;Valid;0,5972035;0,08678453;Valid;3,64212;Valid;2102202118333978
0,6105669;0,06285869;Valid;3,481079;Valid;0,6001778;0,09072798;Valid;3,644836;Valid;2102202118333979
0,6107706;0,06448269;Valid;3,49144;Valid;0,5997034;0,09066147;Valid;3,643173;Valid;2102202118333980
0,6109942;0,06665833;Valid;3,491592;Valid;0,5991142;0,09201709;Valid;3,64447;Valid;2102202118333981
0,6092644;0,06063406;Valid;3,508026;Valid;0,598612;0,0906363;Valid;3,636765;Valid;2102202118333982
0,6091053;0,05718657;Valid;3,509232;Valid;0,5981422;0,08891836;Valid;3,665939;Valid;2102202118333984
0,6093032;0,0595804;Valid;3,509735;Valid;0,5995845;0,08945237;Valid;3,665176;Valid;2102202118333985
0,6105498;0,06727403;Valid;3,488586;Valid;0,5998374;0,08482964;Valid;3,667465;Valid;2102202118333986
0,6106932;0,07146644;Valid;3,473282;Valid;0,6023026;0,08769615;Valid;3,636017;Valid;2102202118333987
0,610086;0,0685676;Valid;3,466919;Valid;0,6016351;0,09009586;Valid;3,626709;Valid;2102202118333988
0,6087135;0,06403294;Valid;3,4729;Valid;0,6020831;0,08908043;Valid;3,615753;Valid;2102202118333989
0,6100596;0,06442929;Valid;3,468948;Valid;0,601364;0,09048204;Valid;3,618805;Valid;2102202118333990
0,6094149;0,06550467;Valid;3,460251;Valid;0,6018826;0,08600049;Valid;3,610748;Valid;2102202118333991
0,6127967;0,06598235;Valid;3,460007;Valid;0,5988227;0,09426592;Valid;3,619766;Valid;2102202118333992
0,6114007;0,06197954;Valid;3,457336;Valid;0,5990687;0,0895725;Valid;3,607864;Valid;2102202118333994
0,6127223;0,06065232;Valid;3,442764;Valid;0,5975647;0,09217268;Valid;3,592728;Valid;2102202118333995
0,6094478;0,05925977;Valid;3,434433;Valid;0,5984055;0,08437634;Valid;3,573593;Valid;2102202118333996
0,6108066;0,06125905;Valid;3,420044;Valid;0,6003554;0,08782719;Valid;3,570526;Valid;2102202118333997
0,6098604;0,06227385;Valid;3,401413;Valid;0,6013154;0,08850788;Valid;3,550903;Valid;2102202118333998
0,6118164;0,06562615;Valid;3,395706;Valid;0,6029903;0,0913612;Valid;3,534531;Valid;2102202118333999
0,6090406;0,06589447;Valid;3,382797;Valid;0,6001974;0,0875763;Valid;3,533417;Valid;2102202118334000
0,6104555;0,06679104;Valid;3,36795;Valid;0,5984442;0,08876289;Valid;3,512161;Valid;2102202118334001
0,608017;0,06594086;Valid;3,352585;Valid;0,5961256;0,09075888;Valid;3,513733;Valid;2102202118334002
0,6117287;0,06624725;Valid;3,341446;Valid;0,5968503;0,09184712;Valid;3,495941;Valid;2102202118334004
0,6099687;0,06616674;Valid;3,329193;Valid;0,5986668;0,09144798;Valid;3,478012;Valid;2102202118334005
0,6072466;0,06806048;Valid;3,320602;Valid;0,5969571;0,08954303;Valid;3,454147;Valid;2102202118334006
0,5577345;0,1067014;Valid;3,312714;Valid;0,5726552;0,1025407;Valid;3,45079;Valid;2102202118334007
0,4247899;0,1854822;Valid;3,28952;Valid;0,4297638;0,1845824;Valid;3,429489;Valid;2102202118334008
0,38161;0,2203256;Valid;3,285583;Valid;0,3218611;0,2513818;Valid;3,419617;Valid;2102202118334009
0,2407389;0,2428563;Valid;3,280411;Valid;0,2592907;0,2826602;Valid;3,417984;Valid;2102202118334010
0,09880006;0,2657094;Valid;3,257065;Valid;0,1327751;0,3214086;Valid;3,426468;Valid;2102202118334011
0,09974307;0,2703723;Valid;3,252197;Valid;0,1028578;0,3286026;Valid;3,428146;Valid;2102202118334012
0,09858117;0,2795842;Valid;3,234299;Valid;0,09614674;0,3253315;Valid;3,445389;Valid;2102202118334014
0,09735056;0,2895389;Valid;3,222961;Valid;0,09596694;0,3277062;Valid;3,425247;Valid;2102202118334015
0,09480109;0,2872467;Valid;3,233917;Valid;0,09015065;0,3301278;Valid;3,416977;Valid;2102202118334016
0,09210176;0,2833151;Valid;3,238098;Valid;0,09240821;0,3327612;Valid;3,391541;Valid;2102202118334017
0,08930497;0,2818977;Valid;3,238419;Valid;0,08963092;0,3283853;Valid;3,38501;Valid;2102202118334018
0,08932715;0,281545;Valid;3,229767;Valid;0,0882876;0,3297997;Valid;3,384735;Valid;2102202118334019
0,08998443;0,2862245;Valid;3,221527;Valid;0,08923745;0,3235421;Valid;3,395508;Valid;2102202118334020
0,09129079;0,2901864;Valid;3,21492;Valid;0,0882677;0,3283377;Valid;3,397568;Valid;2102202118334021
0,09155166;0,293525;Valid;3,207825;Valid;0,08627911;0,3287179;Valid;3,398575;Valid;2102202118334022
0,08927155;0,2969218;Valid;3,197617;Valid;0,09131778;0,3427066;Valid;3,416351;Valid;2102202118334024
0,08926915;0,2932248;Valid;3,188049;Valid;0,09059288;0,3433741;Valid;3,416153;Valid;2102202118334025
0,08976413;0,2919911;Valid;3,187897;Valid;0,09167007;0,3364095;Valid;3,423538;Valid;2102202118334026
0,0902845;0,2897231;Valid;3,190933;Valid;0,08888438;0,3275541;Valid;3,400864;Valid;2102202118334027
0,08915632;0,2912649;Valid;3,186111;Valid;0,08597194;0,3255856;Valid;3,392975;Valid;2102202118334028
0,08900529;0,2929728;Valid;3,197723;Valid;0,08598918;0,3251943;Valid;3,383743;Valid;2102202118334029
0,08747561;0,2918728;Valid;3,200165;Valid;0,08451259;0,3264225;Valid;3,387726;Valid;2102202118334030
0,08624025;0,2928485;Valid;3,200653;Valid;0,08384836;0,3265448;Valid;3,394211;Valid;2102202118334031
0,08419562;0,2880161;Valid;3,191528;Valid;0,08368912;0,3239769;Valid;3,396118;Valid;2102202118334032
0,08709759;0,2911955;Valid;3,185165;Valid;0,08137984;0,3250922;Valid;3,398193;Valid;2102202118334034
0,08848269;0,2891465;Valid;3,183716;Valid;0,07911927;0,3275047;Valid;3,396713;Valid;2102202118334035
0,09007013;0,2920991;Valid;3,185455;Valid;0,07883404;0,3309429;Valid;3,379654;Valid;2102202118334036
0,08490154;0,2970992;Valid;3,188278;Valid;0,0790326;0,3319668;Valid;3,380768;Valid;2102202118334037
0,0482459;0,3444817;Valid;3,188431;Valid;0,04997163;0,3742001;Valid;3,374496;Valid;2102202118334038
0,03620232;0,3644233;Valid;3,192566;Valid;0,03125129;0,3978881;Valid;3,386566;Valid;2102202118334039
0,02869292;0,3910433;Valid;3,212448;Valid;0,02161927;0,4155243;Valid;3,383041;Valid;2102202118334040
0,03200665;0,3868576;Valid;3,221832;Valid;0,02704977;0,4116386;Valid;3,392181;Valid;2102202118334041
0,0321652;0,3822649;Valid;3,213104;Valid;0,02584576;0,4119382;Valid;3,395981;Valid;2102202118334042
0,02434359;0,3779139;Valid;3,207901;Valid;0,02206495;0,4066474;Valid;3,391586;Valid;2102202118334044
0,0254207;0,3809737;Valid;3,200073;Valid;0,02340205;0,4044831;Valid;3,391403;Valid;2102202118334045
0,024512;0,3818718;Valid;3,207413;Valid;0,02731251;0,4061115;Valid;3,396118;Valid;2102202118334046
0,02493774;0,3775978;Valid;3,202713;Valid;0,02934847;0,4078138;Valid;3,408051;Valid;2102202118334047
0,02421349;0,3804063;Valid;3,214844;Valid;0,03043078;0,4067361;Valid;3,41864;Valid;2102202118334048
0,02415035;0,3807611;Valid;3,222549;Valid;0,0274218;0,4053649;Valid;3,418579;Valid;2102202118334049
0,02226399;0,3821748;Valid;3,229553;Valid;0,02498013;0,4081916;Valid;3,427261;Valid;2102202118334050
0,02133014;0,3802591;Valid;3,243439;Valid;0,02408029;0,4081369;Valid;3,428162;Valid;2102202118334051
0,02179236;0,3811686;Valid;3,238831;Valid;0,02397743;0,4097449;Valid;3,424423;Valid;2102202118334052
0,02234214;0,380364;Valid;3,231705;Valid;0,02544093;0,401288;Valid;3,409836;Valid;2102202118334054
0,02489267;0,3781489;Valid;3,237869;Valid;0,02859616;0,4021718;Valid;3,413055;Valid;2102202118334055
0,02546996;0,378159;Valid;3,237122;Valid;0,06562882;0,3796195;Valid;3,439606;Valid;2102202118334056
0,1076743;0,3154613;Valid;3,251556;Valid;0,1143119;0,346373;Valid;3,440369;Valid;2102202118334057
0,3218212;0,146829;Valid;3,279099;Valid;0,3143376;0,1958193;Valid;3,441467;Valid;2102202118334058
0,3494394;0,1311584;Valid;3,289963;Valid;0,4191879;0,1183737;Valid;3,418747;Valid;2102202118334059
0,4428464;0,09260649;Valid;3,288116;Valid;0,4720098;0,0900679;Valid;3,412048;Valid;2102202118334060
0,5374632;0,06709382;Valid;3,291351;Valid;0,5445494;0,0641715;Valid;3,412262;Valid;2102202118334061
0,5527452;0,06003925;Valid;3,285706;Valid;0,5587082;0,04950403;Valid;3,425598;Valid;2102202118334062
0,5509877;0,05236836;Valid;3,29216;Valid;0,5576406;0,05555514;Valid;3,432449;Valid;2102202118334063
0,5565934;0,04590406;Valid;3,285812;Valid;0,5654039;0,05755414;Valid;3,429642;Valid;2102202118334065
0,5596659;0,04830239;Valid;3,281113;Valid;0,5666901;0,06368183;Valid;3,414398;Valid;2102202118334066
0,5608221;0,05145618;Valid;3,274399;Valid;0,5658079;0,061891;Valid;3,398697;Valid;2102202118334067
0,5625064;0,05140159;Valid;3,270264;Valid;0,5662869;0,06519242;Valid;3,388382;Valid;2102202118334068
0,5623242;0,04903696;Valid;3,27301;Valid;0,5688332;0,06819798;Valid;3,395523;Valid;2102202118334069
0,5644864;0,04942411;Valid;3,271042;Valid;0,5697804;0,06747095;Valid;3,399414;Valid;2102202118334070
0,5648844;0,04990683;Valid;3,269684;Valid;0,5716323;0,06561882;Valid;3,39856;Valid;2102202118334071
0,5651478;0,04942144;Valid;3,260391;Valid;0,5714388;0,06510764;Valid;3,388779;Valid;2102202118334072
0,565488;0,04946848;Valid;3,259247;Valid;0,5718296;0,06276827;Valid;3,388336;Valid;2102202118334073
0,56622;0,0492195;Valid;3,253326;Valid;0,5722775;0,06051737;Valid;3,384857;Valid;2102202118334074
0,5663401;0,05016085;Valid;3,260269;Valid;0,5725408;0,06271065;Valid;3,382355;Valid;2102202118334076
0,5653093;0,0489852;Valid;3,261597;Valid;0,5709094;0,06495587;Valid;3,381058;Valid;2102202118334077
0,5643839;0,04813578;Valid;3,263077;Valid;0,5717459;0,0648739;Valid;3,376495;Valid;2102202118334078
0,5669163;0,04436899;Valid;3,259995;Valid;0,5716282;0,06848924;Valid;3,375717;Valid;2102202118334079
0,5655113;0,04675225;Valid;3,263687;Valid;0,5722032;0,06945177;Valid;3,370636;Valid;2102202118334080
0,5668139;0,04785056;Valid;3,253662;Valid;0,5705746;0,06824014;Valid;3,363083;Valid;2102202118334081
0,5640225;0,05085611;Valid;3,253281;Valid;0,5689534;0,06311568;Valid;3,361481;Valid;2102202118334082
0,5647901;0,05335956;Valid;3,241562;Valid;0,5712454;0,06118194;Valid;3,360855;Valid;2102202118334084
0,5646707;0,05379574;Valid;3,233765;Valid;0,5721254;0,06030151;Valid;3,358734;Valid;2102202118334085
0,5661057;0,05032979;Valid;3,232269;Valid;0,5734116;0,05855523;Valid;3,354706;Valid;2102202118334086
0,5658616;0,04613882;Valid;3,227524;Valid;0,5704147;0,05993591;Valid;3,360336;Valid;2102202118334087
0,5660769;0,04406093;Valid;3,216858;Valid;0,5716589;0,06499021;Valid;3,348541;Valid;2102202118334088
0,5491924;0,06368034;Valid;3,209167;Valid;0,546383;0,08258228;Valid;3,344055;Valid;2102202118334089
0,4851779;0,12025;Valid;3,200943;Valid;0,5087513;0,1059834;Valid;3,336533;Valid;2102202118334090
0,3461778;0,2230328;Valid;3,188583;Valid;0,3627053;0,2092902;Valid;3,327393;Valid;2102202118334091
0,3034841;0,2522149;Valid;3,196136;Valid;0,3015265;0,2586745;Valid;3,318161;Valid;2102202118334092
0,2761201;0,2636779;Valid;3,190353;Valid;0,2887317;0,2663381;Valid;3,304443;Valid;2102202118334093
0,2709091;0,2651088;Valid;3,186417;Valid;0,2797658;0,2669981;Valid;3,299484;Valid;2102202118334094
0,27075;0,2690183;Valid;3,163605;Valid;0,2775243;0,2671174;Valid;3,30307;Valid;2102202118334096
0,267559;0,2704851;Valid;3,157104;Valid;0,2751495;0,2705032;Valid;3,302612;Valid;2102202118334097
0,264833;0,2712786;Valid;3,138062;Valid;0,2757932;0,270321;Valid;3,289169;Valid;2102202118334098
0,2634239;0,2697012;Valid;3,141708;Valid;0,2755098;0,271227;Valid;3,278015;Valid;2102202118334099
0,2635563;0,2687463;Valid;3,143234;Valid;0,2775177;0,271508;Valid;3,282547;Valid;2102202118334100
0,2643804;0,2713974;Valid;3,13678;Valid;0,2750045;0,2779365;Valid;3,281418;Valid;2102202118334101
0,2649893;0,272755;Valid;3,128983;Valid;0,2746859;0,2811269;Valid;3,281433;Valid;2102202118334102
0,2652546;0,2740699;Valid;3,118759;Valid;0,2731483;0,2812463;Valid;3,273636;Valid;2102202118334103
0,26643;0,2747006;Valid;3,116348;Valid;0,273095;0,2792152;Valid;3,265472;Valid;2102202118334104
0,2671139;0,2715298;Valid;3,122101;Valid;0,2741229;0,2755329;Valid;3,261642;Valid;2102202118334106
0,2688327;0,2761796;Valid;3,127151;Valid;0,273656;0,272651;Valid;3,259094;Valid;2102202118334107
0,2677447;0,2762647;Valid;3,121674;Valid;0,2738516;0,27835;Valid;3,256302;Valid;2102202118334108
